#{"t_start": 1524108344.426545, "env_id": "hc-v3"}
r,l,t
-591.299048,1000,2.674274
-727.872124,1000,3.694942
-514.993803,1000,5.652696
-610.373154,1000,6.669205
-518.722007,1000,8.657609
-777.759982,1000,9.713242
-572.364836,1000,11.688101
-629.661041,1000,12.726757
-777.417685,1000,14.695904
-579.931466,1000,15.711178
-436.739382,1000,17.621497
-530.133852,1000,18.62843
-791.449454,1000,20.555827
-560.756519,1000,21.611576
-561.444261,1000,23.538191
-514.093943,1000,24.5999
-326.55457,1000,26.557317
-439.068394,1000,27.559839
-606.873398,1000,29.5428
-530.070615,1000,30.650211
-434.752156,1000,32.577725
-472.495692,1000,33.575015
-431.879864,1000,35.541557
-594.510091,1000,36.573136
-543.640652,1000,38.617922
-497.226918,1000,39.656892
-484.212599,1000,41.868
-457.265749,1000,42.900866
-487.129826,1000,45.260151
-453.18157,1000,46.395892
-430.192632,1000,48.411404
-495.488541,1000,49.400746
-357.050373,1000,51.3757
-433.990609,1000,52.366212
-430.623991,1000,54.337658
-432.844671,1000,55.340973
-361.884948,1000,57.303104
-384.13275,1000,58.31097
-430.501844,1000,60.319012
-360.16541,1000,61.310569
-394.11024,1000,63.253516
-343.134842,1000,64.256173
-408.681012,1000,65.286226
-298.364562,1000,67.299037
-413.597152,1000,68.299469
-387.685809,1000,70.216512
-385.591077,1000,71.210098
-360.568503,1000,73.10944
-377.302002,1000,74.108435
-352.015492,1000,76.024012
-325.275118,1000,77.020955
-276.04888,1000,78.934774
-339.027832,1000,79.93646
-261.920172,1000,81.837972
-280.869022,1000,82.840237
-295.708687,1000,84.794864
-284.732918,1000,85.85297
-309.504625,1000,87.837105
-267.442268,1000,88.890639
-261.403938,1000,90.871902
-258.089925,1000,91.887878
-319.513187,1000,93.681119
-264.025848,1000,94.614334
-241.796974,1000,96.492238
-318.498426,1000,97.442923
-213.946544,1000,99.356611
-288.231495,1000,100.315446
-181.815304,1000,102.239718
-229.515218,1000,103.272831
-186.709862,1000,105.328421
-189.237384,1000,106.260166
-181.040293,1000,108.312078
-173.897465,1000,109.340897
-164.922388,1000,111.234365
-213.9933,1000,112.184205
-194.513801,1000,114.028033
-164.805648,1000,114.967934
-101.654652,1000,116.911024
-95.212095,1000,117.841328
-110.714072,1000,119.712151
-106.980599,1000,120.651889
-67.813659,1000,122.498747
-139.076448,1000,123.425497
-90.938892,1000,125.200576
-135.432273,1000,126.130154
-66.30067,1000,127.069336
-39.107901,1000,128.86387
-110.96535,1000,129.813117
50.235345,1000,131.68554
-31.364066,1000,132.838561
-21.295309,1000,134.753701
49.581273,1000,135.722989
-68.85013,1000,137.557243
-79.830672,1000,138.525572
81.334243,1000,140.305094
43.791375,1000,141.229867
-28.571581,1000,143.130458
30.440176,1000,144.120892
90.541744,1000,145.966454
121.91987,1000,146.904618
96.493127,1000,148.708957
130.260645,1000,149.642603
157.536923,1000,151.425609
179.759604,1000,152.36805
214.253602,1000,154.212348
146.108284,1000,155.160765
252.724674,1000,157.130292
200.512568,1000,158.262587
243.766485,1000,160.25632
321.756788,1000,161.234328
341.199795,1000,163.100327
311.937398,1000,164.032927
234.788055,1000,165.906349
367.10285,1000,166.857488
303.302179,1000,168.710473
381.47881,1000,169.645478
322.524339,1000,171.483382
377.846764,1000,172.40751
364.496983,1000,174.249457
437.01445,1000,175.192451
395.623849,1000,177.044492
460.088966,1000,177.98463
397.28197,1000,179.912308
469.111906,1000,180.849296
504.567864,1000,182.647058
535.311099,1000,183.59612
512.430346,1000,185.411292
499.310847,1000,186.390092
443.944414,1000,187.369518
443.766493,1000,189.240818
476.129677,1000,190.178916
527.071019,1000,191.994549
497.703283,1000,192.927564
587.811493,1000,194.747241
582.828128,1000,195.720127
503.863101,1000,197.627273
543.632292,1000,198.617781
560.002147,1000,200.435705
625.951531,1000,201.369768
532.449292,1000,203.210917
586.012871,1000,204.14328
600.745591,1000,205.966181
632.022426,1000,206.912648
639.045979,1000,208.794282
727.333649,1000,209.774567
582.816662,1000,211.701569
732.731489,1000,212.675247
480.497362,1000,214.584691
709.648529,1000,215.528412
676.620595,1000,217.400881
699.798293,1000,218.349887
680.077426,1000,220.186697
697.372605,1000,221.114863
585.852898,1000,222.943818
750.827588,1000,223.887609
785.744847,1000,225.721926
756.762047,1000,226.64729
772.496266,1000,228.496953
815.597565,1000,229.446007
745.888935,1000,231.301457
745.125279,1000,232.226148
779.574891,1000,234.047422
863.842961,1000,235.048858
799.658231,1000,236.997635
755.540053,1000,237.92373
830.907634,1000,239.703038
863.503456,1000,240.744617
758.117433,1000,242.610771
861.118516,1000,243.538489
872.087264,1000,245.318307
762.216235,1000,246.248797
803.968795,1000,247.17898
806.920338,1000,248.978392
813.118056,1000,249.942505
829.055203,1000,251.727798
886.641157,1000,252.698947
884.405476,1000,254.471853
840.647199,1000,255.399055
901.729622,1000,257.194236
957.194225,1000,258.145458
858.054814,1000,259.946846
877.427576,1000,260.883661
863.490529,1000,262.673367
873.72716,1000,263.603679
848.40556,1000,265.388421
898.490217,1000,266.318093
906.656531,1000,268.142218
954.571682,1000,269.067659
913.791009,1000,270.885198
939.639357,1000,271.817116
814.377098,1000,273.641863
841.043132,1000,274.574377
860.044395,1000,276.409008
871.945917,1000,277.344749
926.948755,1000,279.265722
869.43344,1000,280.391352
888.450801,1000,282.243278
849.987602,1000,283.186789
893.251461,1000,285.104737
923.324757,1000,286.09291
963.049572,1000,287.96854
941.825006,1000,288.905132
903.938493,1000,290.835992
973.544886,1000,291.83965
884.753899,1000,293.857721
989.431027,1000,294.843138
982.008373,1000,296.809624
941.090549,1000,297.788964
956.252573,1000,299.653669
970.03139,1000,300.663511
998.100498,1000,302.532952
962.482652,1000,303.495699
989.965786,1000,305.356123
998.264459,1000,306.340346
971.985781,1000,307.330814
1019.704403,1000,309.266171
1019.457486,1000,310.252911
980.206316,1000,312.148527
959.615039,1000,313.075556
985.317554,1000,314.848271
1067.952367,1000,315.791578
1027.247124,1000,317.626192
998.783663,1000,318.758032
1024.474307,1000,320.616076
1074.595395,1000,321.578098
1044.227718,1000,323.418777
1073.709348,1000,324.368108
1000.420302,1000,326.213846
991.551354,1000,327.155654
938.432556,1000,329.003873
1076.121632,1000,329.927223
968.631947,1000,331.758615
1033.729105,1000,332.684916
983.03647,1000,334.580887
1098.456854,1000,335.528681
1061.642163,1000,337.460852
1115.283746,1000,338.454221
1072.425934,1000,340.356692
1078.392511,1000,341.299021
1071.081576,1000,343.167627
1075.103538,1000,344.113961
1098.876416,1000,345.97267
1035.351773,1000,346.913339
1080.711061,1000,348.744903
1127.884346,1000,349.700317
1082.187212,1000,351.806995
1102.120005,1000,352.824334
1094.257913,1000,354.659269
1058.738165,1000,355.708517
1105.206391,1000,357.692906
984.378613,1000,358.637303
996.019609,1000,360.410936
1141.095941,1000,361.341178
1077.722892,1000,363.114646
1139.579627,1000,364.039757
1159.729309,1000,364.966627
1082.375626,1000,366.758992
1119.693309,1000,367.684365
1065.981479,1000,369.521993
1069.84901,1000,370.463127
1081.457878,1000,372.252481
1083.91035,1000,373.179298
1038.155197,1000,375.013965
1008.686572,1000,375.951505
1082.403927,1000,377.7339
1078.610877,1000,378.654988
1150.191925,1000,380.427986
1092.136191,1000,381.351992
1077.959026,1000,383.1965
1153.416457,1000,384.130062
1078.576442,1000,385.976156
1128.46762,1000,386.907753
1132.012544,1000,388.741451
1173.052208,1000,389.668644
1187.902779,1000,391.509509
1167.279106,1000,392.434081
1111.38112,1000,394.280103
1143.870615,1000,395.209531
1132.224267,1000,397.080894
1164.772327,1000,398.012152
1131.420072,1000,399.84538
1142.581,1000,400.769844
1144.475379,1000,402.595643
1084.603831,1000,403.527389
1124.048535,1000,405.369888
1182.771063,1000,406.296807
1151.722433,1000,408.200079
1203.909384,1000,409.131743
1129.290334,1000,410.921753
1181.422002,1000,411.874346
1165.739419,1000,413.675343
1225.50111,1000,414.613007
1188.382057,1000,416.488621
1242.215788,1000,417.435797
1081.103489,1000,419.227371
1135.646004,1000,420.159367
1177.432057,1000,421.943654
1161.992876,1000,422.873845
1167.69699,1000,423.804092
1242.858016,1000,425.596139
1201.260266,1000,426.532849
1205.705738,1000,428.315657
1256.802182,1000,429.244728
1188.086879,1000,431.037142
1246.321858,1000,431.980017
1192.598455,1000,433.767518
1248.591156,1000,434.70616
1134.12552,1000,436.503684
1196.877793,1000,437.475724
1200.056902,1000,439.435839
1252.562323,1000,440.389451
1210.921896,1000,442.258702
1273.729553,1000,443.197897
1199.364734,1000,445.123738
1202.645549,1000,446.096083
1147.547756,1000,447.985767
1173.758777,1000,448.922625
1223.601575,1000,450.800272
1174.044776,1000,451.739632
1205.605575,1000,453.600739
1228.688027,1000,454.546783
1276.292707,1000,456.393495
1251.241929,1000,457.337287
1251.64008,1000,459.192579
1202.199256,1000,460.136427
1253.070839,1000,461.985076
1262.489604,1000,462.956849
1264.786762,1000,464.874848
1158.492255,1000,465.828233
1289.936984,1000,467.644409
1252.720002,1000,468.588116
1209.680612,1000,470.393759
1223.605119,1000,471.332347
1261.651911,1000,473.148612
1206.784787,1000,474.103944
1210.247855,1000,475.939826
1278.772031,1000,476.902417
1263.026747,1000,478.723781
1338.011585,1000,479.661797
1295.24805,1000,481.468431
1299.866561,1000,482.405941
1339.43143,1000,483.343593
1276.567345,1000,485.160434
1336.536177,1000,486.09787
1228.542495,1000,487.920887
1244.494518,1000,488.867165
1256.342888,1000,490.674039
1243.748188,1000,491.612403
1247.593539,1000,493.409462
1300.925207,1000,494.353919
1274.970185,1000,496.257348
1327.693413,1000,497.220821
1266.342551,1000,499.294701
1365.657085,1000,500.233568
1262.668048,1000,502.076172
1235.898807,1000,503.137897
1029.406578,1000,505.010547
1352.794843,1000,505.952735
1315.433199,1000,507.852395
1411.955457,1000,508.817029
1129.627515,1000,510.699778
1311.111995,1000,511.656136
1312.904209,1000,513.56167
1377.341419,1000,514.525901
1291.92816,1000,516.406424
1318.739933,1000,517.356309
1293.771487,1000,519.206851
1260.955887,1000,520.16401
1317.634823,1000,522.128574
1388.707933,1000,523.0852
1325.348951,1000,524.934086
1284.67027,1000,525.896163
1323.037277,1000,527.725019
1290.738374,1000,528.660333
1317.11606,1000,530.441955
1328.424971,1000,531.374547
1301.07703,1000,533.165254
1305.721268,1000,534.11208
1350.846105,1000,535.943604
1403.22616,1000,536.90706
1372.557979,1000,538.759276
1403.766571,1000,539.72473
1371.275912,1000,541.67259
1310.856843,1000,542.644929
1335.446018,1000,543.607106
1302.46235,1000,545.436279
1403.080973,1000,546.369254
1369.708993,1000,548.21118
1406.853802,1000,549.159254
1330.317114,1000,551.057815
1362.947628,1000,551.994815
1358.749406,1000,553.948766
1361.710898,1000,554.903756
1351.464228,1000,556.737083
1426.112437,1000,557.721792
1386.690606,1000,559.666157
1400.535569,1000,560.673174
1377.434054,1000,562.541506
1392.412749,1000,563.496342
1384.425743,1000,565.463755
1367.567888,1000,566.411664
1379.173817,1000,568.269442
1412.500328,1000,569.20714
1358.951526,1000,571.029472
1403.231821,1000,571.971439
1442.223866,1000,573.816768
1370.700347,1000,574.781482
1348.577077,1000,576.633881
1466.851788,1000,577.580801
1415.389533,1000,579.481487
1444.997529,1000,580.423378
1341.982516,1000,582.2637
1460.387352,1000,583.213114
1380.540085,1000,585.059201
1453.474641,1000,586.036229
1415.561847,1000,587.900976
1415.731587,1000,588.916692
1375.636665,1000,590.763511
1477.843759,1000,591.72702
1375.386145,1000,593.591019
1423.248778,1000,594.604462
1419.505214,1000,596.523621
1403.410423,1000,597.497317
1378.889332,1000,599.395816
1462.79648,1000,600.351334
1435.693345,1000,602.206318
1476.519304,1000,603.157354
1464.887355,1000,604.099419
1435.00906,1000,605.896437
1441.572964,1000,606.833129
1383.752428,1000,608.618683
1412.198491,1000,609.57307
1420.509278,1000,611.416706
1464.815688,1000,612.349396
1363.924459,1000,614.187226
1433.3122,1000,615.125877
1416.420115,1000,617.010966
1397.744755,1000,617.969193
1338.267183,1000,619.837498
1503.086222,1000,620.789084
1429.497947,1000,622.759167
1475.457051,1000,623.748615
1394.855853,1000,625.697633
1469.845816,1000,626.661855
1388.842092,1000,628.556773
1434.419903,1000,629.529188
1406.651968,1000,631.409194
1433.179043,1000,632.356579
1420.321332,1000,634.223879
1419.543523,1000,635.173594
1464.074189,1000,637.170056
1365.747316,1000,638.124905
1371.791974,1000,639.989328
1466.723662,1000,640.948582
1398.448054,1000,642.764681
1537.68308,1000,643.707787
1480.122972,1000,645.547392
1478.394217,1000,646.491338
1420.565605,1000,648.307142
1458.820297,1000,649.246572
1375.461419,1000,651.089013
1477.134319,1000,652.063732
1504.955025,1000,653.881738
1492.120289,1000,654.842389
1471.179097,1000,656.670093
1438.701126,1000,657.655692
1401.02638,1000,659.457726
1473.394124,1000,660.407645
1518.667355,1000,662.264022
1401.539992,1000,663.197643
1472.153054,1000,664.134825
1473.964514,1000,665.922193
1485.753975,1000,666.853399
1510.837572,1000,668.720215
1529.305631,1000,669.684458
1432.334745,1000,671.57736
1459.667145,1000,672.542368
1496.414857,1000,674.440509
1532.681645,1000,675.38816
1503.004979,1000,677.332845
1483.617578,1000,678.299256
1511.368211,1000,680.275451
1518.446397,1000,681.224563
1438.635036,1000,683.077937
1535.120671,1000,684.042034
1507.37175,1000,685.899496
1504.119544,1000,686.853513
1420.909661,1000,688.715714
1481.007762,1000,689.694837
1429.772054,1000,691.578997
1485.390781,1000,692.504888
1478.807804,1000,694.392406
1495.979253,1000,695.324691
1506.432419,1000,697.104297
1515.118458,1000,698.038789
1547.375461,1000,699.816105
1458.432139,1000,700.746434
1504.823089,1000,702.557178
1492.308741,1000,703.505804
1578.993134,1000,705.28989
1454.847492,1000,706.213496
1420.5614,1000,708.010096
1492.039694,1000,708.961116
1476.991811,1000,710.752159
1473.16847,1000,711.696742
1445.534057,1000,713.465329
1493.329295,1000,714.412271
1517.054622,1000,716.232311
1474.560065,1000,717.178435
1516.118828,1000,719.064207
1501.053024,1000,720.022579
1541.683334,1000,720.986264
1484.312155,1000,722.758878
1455.081714,1000,723.683062
1505.051795,1000,725.524036
1521.236421,1000,726.451709
1485.606214,1000,728.408943
1573.979112,1000,729.362108
1494.786336,1000,731.260973
1533.151552,1000,732.24361
1485.004855,1000,734.082644
1560.80383,1000,735.007826
1418.314735,1000,736.866132
1551.052105,1000,737.800237
1490.243249,1000,739.649695
1570.548036,1000,740.626025
1487.907491,1000,742.502884
1495.233411,1000,743.461199
1513.977722,1000,745.443657
1578.947857,1000,746.465437
1490.980493,1000,748.410025
1517.850032,1000,749.373275
1506.340266,1000,751.578592
1535.751283,1000,752.659222
1460.431636,1000,754.567798
1488.678375,1000,755.627471
1519.572584,1000,757.659718
1546.448541,1000,758.666181
1496.066023,1000,760.591488
1474.563112,1000,761.590384
1501.937754,1000,763.416847
1531.536672,1000,764.355172
1519.481183,1000,766.182172
1527.207987,1000,767.14096
1558.500961,1000,769.000269
1527.062972,1000,770.179901
1549.86406,1000,772.337857
1513.129982,1000,773.307413
1577.084934,1000,775.169097
1595.505701,1000,776.121148
1503.166096,1000,777.978198
1550.921612,1000,778.962203
1544.051556,1000,780.819881
1524.912548,1000,781.806644
1513.903417,1000,782.768008
1508.3646,1000,784.63885
1511.535716,1000,785.576202
1508.462266,1000,787.472478
1563.41302,1000,788.416801
1487.793552,1000,790.281156
1662.996,1000,791.218558
1508.020314,1000,793.065269
1558.432752,1000,794.00119
1528.281489,1000,795.905081
1545.485815,1000,796.842207
1539.314875,1000,798.711004
1583.015789,1000,799.640607
1522.291384,1000,801.493868
1571.093602,1000,802.461382
1533.198303,1000,804.349673
1579.893891,1000,805.296839
1509.380808,1000,807.14891
1567.731081,1000,808.089983
1523.909252,1000,809.977647
1524.216047,1000,810.920953
1528.113124,1000,812.723884
1555.36854,1000,813.656479
1540.72028,1000,815.454684
1575.026783,1000,816.399619
1525.341732,1000,818.246586
1531.435444,1000,819.246959
1572.715756,1000,821.103576
1515.373581,1000,822.038501
1530.416288,1000,823.862868
1543.243871,1000,824.802055
1559.067754,1000,826.64084
1546.184412,1000,827.608296
1475.700391,1000,829.483088
1555.773829,1000,830.437357
1514.398176,1000,832.306334
1525.187657,1000,833.381552
1485.846596,1000,835.368007
1573.333653,1000,836.330523
1494.303333,1000,838.147194
1563.867961,1000,839.085491
1513.401612,1000,840.937037
1584.25516,1000,841.906771
1541.442056,1000,842.851332
1480.576282,1000,844.73874
1505.035233,1000,845.75833
1544.48415,1000,847.650761
1611.636575,1000,848.696553
1534.558537,1000,850.656802
1591.623287,1000,851.601477
1533.313595,1000,853.454168
1626.016739,1000,854.416443
1520.785175,1000,856.319937
1577.701899,1000,857.259067
1502.749791,1000,859.125802
1649.960629,1000,860.069636
1546.880235,1000,861.908183
1551.320475,1000,862.850657
1556.175235,1000,864.703359
1512.161305,1000,865.629655
1498.627709,1000,867.552108
1566.921848,1000,868.50429
1496.665932,1000,870.331579
1592.007614,1000,871.276632
1520.591754,1000,873.086264
1617.393297,1000,874.02868
1549.153131,1000,875.855297
1568.546022,1000,876.804792
1554.768494,1000,878.655363
1550.876602,1000,879.604074
1546.825435,1000,881.389799
1653.403533,1000,882.326411
1517.606248,1000,884.130235
1574.680576,1000,885.083544
1553.489432,1000,886.893961
1559.251418,1000,887.838726
1544.890816,1000,889.668487
1515.969337,1000,890.610399
1544.175737,1000,892.408112
1579.425426,1000,893.349917
1558.542158,1000,895.161112
1598.035519,1000,896.111235
1577.780094,1000,897.959511
1604.404826,1000,898.898903
1573.722935,1000,900.813428
1657.879241,1000,901.843551
1609.712276,1000,902.924496
1593.586216,1000,904.963242
1546.608128,1000,905.936165
1551.561395,1000,907.999375
1568.858324,1000,909.213309
1577.299422,1000,911.317251
1610.496074,1000,912.313201
1561.209254,1000,914.25738
1565.643309,1000,915.194674
1596.517127,1000,917.093737
1607.137628,1000,918.057527
1507.412057,1000,919.933105
1590.146132,1000,920.861628
1508.412022,1000,922.719529
1600.001728,1000,923.651298
1535.280319,1000,925.635308
1563.353504,1000,926.555902
1503.729406,1000,928.527474
1637.160748,1000,929.615381
1569.39166,1000,931.375855
1598.733787,1000,932.295555
1563.550112,1000,934.071458
1559.416042,1000,935.039656
1630.440039,1000,936.833883
1636.51759,1000,937.807536
1540.294729,1000,939.650909
1612.676979,1000,940.614158
1579.33187,1000,942.587168
1635.829107,1000,943.536262
1545.901124,1000,945.405281
1543.653846,1000,946.360846
1573.647607,1000,948.198891
1567.346091,1000,949.211684
1514.266229,1000,951.338049
1480.800822,1000,952.56932
1546.961026,1000,955.130668
1569.719857,1000,956.461786
1540.213725,1000,959.171938
1550.633146,1000,960.632506
1552.474768,1000,963.551945
1603.66289,1000,965.063967
1541.06097,1000,967.937936
1566.434837,1000,969.301917
1596.989902,1000,970.671368
1534.073855,1000,973.480584
1558.605728,1000,974.843853
1551.468069,1000,977.665704
1533.196069,1000,979.030477
1574.130711,1000,981.715362
1564.049437,1000,983.067431
1577.56543,1000,985.877891
1573.865059,1000,987.338314
1592.576335,1000,990.124693
1599.712419,1000,991.481055
1545.221997,1000,994.184802
1590.834532,1000,995.562017
1619.12679,1000,998.491993
1588.679059,1000,1000.105164
1561.472411,1000,1003.188447
1557.69458,1000,1004.600543
1515.614988,1000,1007.32185
1585.717286,1000,1008.697572
1586.19183,1000,1011.397814
1554.356186,1000,1012.877856
1572.484934,1000,1015.570538
1569.920633,1000,1017.001657
1513.023804,1000,1019.842847
1577.419022,1000,1021.207008
1535.606579,1000,1023.896581
1533.330154,1000,1025.257902
1501.291938,1000,1027.941049
1621.24679,1000,1029.299703
1574.016378,1000,1032.062786
1609.2784,1000,1033.435724
1608.078755,1000,1036.106228
1584.498334,1000,1037.463243
1502.124453,1000,1040.15063
1597.120476,1000,1041.516916
1535.400568,1000,1044.270218
1550.152922,1000,1045.630382
1544.286212,1000,1048.342597
1625.200154,1000,1049.857981
1641.193865,1000,1052.918707
1548.399661,1000,1054.347802
1632.540849,1000,1057.145353
1565.462857,1000,1058.563207
1563.58765,1000,1059.94377
1524.930425,1000,1062.68539
1517.148798,1000,1064.036948
1575.210239,1000,1066.859335
1573.591902,1000,1068.230056
1564.364771,1000,1070.955023
1641.257337,1000,1072.320096
1554.088952,1000,1075.014673
1534.759068,1000,1076.378895
1565.279248,1000,1079.286802
1590.706953,1000,1080.736331
1592.422411,1000,1083.835708
1579.457525,1000,1085.258852
1523.882498,1000,1088.076577
1600.123299,1000,1089.558267
1497.774202,1000,1092.583968
1624.990116,1000,1094.023789
1485.711997,1000,1096.892449
1587.323197,1000,1098.436758
1542.454592,1000,1101.271479
1531.446432,1000,1102.757928
1487.020569,1000,1105.468893
1583.733673,1000,1106.835696
1455.85528,1000,1109.497973
1578.544769,1000,1110.862799
1515.485488,1000,1113.617125
1666.863403,1000,1115.044154
1546.769189,1000,1117.77289
1614.086574,1000,1119.091154
1520.583969,1000,1121.787882
1592.73855,1000,1123.181408
1534.234728,1000,1125.877574
1570.335958,1000,1127.28828
1496.876584,1000,1130.039755
1664.980753,1000,1131.423583
1586.023113,1000,1134.139241
1639.401787,1000,1135.516154
1576.434347,1000,1138.240228
1635.035154,1000,1139.602781
1579.654987,1000,1142.322945
1566.556289,1000,1143.685863
1544.774123,1000,1145.05176
1582.638405,1000,1147.759144
1551.77613,1000,1149.124277
1542.643425,1000,1151.841659
1541.072327,1000,1153.29169
1601.950632,1000,1156.102272
1652.873877,1000,1157.490463
1578.023682,1000,1160.257667
1568.589145,1000,1161.618795
1553.032466,1000,1164.388665
1625.43473,1000,1165.755062
1504.933502,1000,1169.734998
1544.503616,1000,1171.142248
1583.403183,1000,1173.763551
1603.059779,1000,1175.165516
1622.259371,1000,1177.618417
1653.532509,1000,1179.079627
1570.628032,1000,1181.658496
1544.037291,1000,1183.069927
1530.499442,1000,1185.501392
1512.396188,1000,1186.914629
1534.117013,1000,1189.447723
1590.094894,1000,1190.851901
1555.829882,1000,1193.263016
1579.697052,1000,1194.675772
1503.812753,1000,1197.089778
1617.066327,1000,1198.502358
1517.723002,1000,1200.967197
1587.676083,1000,1202.410509
1484.448964,1000,1205.25004
1526.298944,1000,1206.735325
1590.054517,1000,1209.388581
1628.537945,1000,1210.918061
1553.422131,1000,1213.515212
1639.985109,1000,1215.05928
1588.216765,1000,1217.492197
1556.520234,1000,1218.948293
1540.39911,1000,1221.485365
1506.216806,1000,1222.90921
1531.170013,1000,1225.420206
1603.196527,1000,1226.80889
1567.960557,1000,1229.268129
1570.733031,1000,1230.660586
1614.673643,1000,1232.086258
1587.611316,1000,1234.621933
1661.093596,1000,1236.041082
1601.671833,1000,1238.558155
1616.476125,1000,1239.980348
1576.961136,1000,1242.386611
1541.557242,1000,1243.80573
1591.959061,1000,1246.262914
1671.060588,1000,1247.700569
1564.678877,1000,1250.144006
1643.197159,1000,1251.523104
1558.871462,1000,1253.940587
1651.127255,1000,1255.345377
1580.858,1000,1257.756537
1660.959273,1000,1259.16925
1603.788281,1000,1261.755977
1674.377865,1000,1263.194402
1573.744012,1000,1265.607126
1619.749322,1000,1267.002646
1540.859585,1000,1269.428226
1549.472488,1000,1270.860117
1565.826626,1000,1273.310578
1529.536469,1000,1274.705173
1555.590384,1000,1277.111449
1604.6862,1000,1278.5083
1601.952996,1000,1280.97927
1640.029788,1000,1282.404106
1596.896158,1000,1285.00911
1582.838411,1000,1286.693527
1576.428645,1000,1289.628604
1638.303381,1000,1291.332432
1633.910357,1000,1294.401667
1609.044552,1000,1296.106983
1539.589682,1000,1299.084828
1639.965316,1000,1300.596981
1628.039494,1000,1303.283513
1652.713222,1000,1304.771426
1610.095718,1000,1307.380971
1628.511969,1000,1308.828816
1572.176651,1000,1311.483351
1602.180278,1000,1312.870526
1667.629566,1000,1315.365746
1631.479895,1000,1316.972526
1633.442413,1000,1318.696468
1626.445947,1000,1321.306377
1632.765149,1000,1322.769869
1583.184956,1000,1325.317177
1592.010513,1000,1326.769817
1598.685337,1000,1329.290657
1567.945364,1000,1330.760441
1578.815061,1000,1333.34209
1651.60408,1000,1334.790193
1634.021426,1000,1337.263764
1653.272111,1000,1338.678664
1545.293882,1000,1341.231338
1690.081529,1000,1342.680605
1570.604032,1000,1345.1223
1578.074139,1000,1346.523741
1502.131003,1000,1348.944513
1704.532577,1000,1350.350763
1560.023464,1000,1352.779686
1684.747389,1000,1354.220666
1612.392253,1000,1356.749667
1654.727843,1000,1358.267034
1610.311547,1000,1360.769284
1659.494396,1000,1362.157039
1553.717978,1000,1364.602216
1677.052857,1000,1365.985263
1628.141926,1000,1368.382116
1577.816855,1000,1369.736019
1571.604854,1000,1372.232605
1554.443404,1000,1373.569329
1555.365748,1000,1375.952767
1668.51895,1000,1377.31929
1518.923129,1000,1379.782515
1651.472516,1000,1381.171419
1626.107608,1000,1383.641275
1612.87212,1000,1385.130274
1571.017873,1000,1387.57321
1698.276838,1000,1388.956708
1603.090787,1000,1391.472259
1682.864985,1000,1392.835418
1575.034729,1000,1395.571967
1629.098094,1000,1397.083762
1572.981997,1000,1400.009348
1675.771848,1000,1401.461833
1638.813471,1000,1403.071256
1666.09521,1000,1405.521026
1635.456886,1000,1406.95345
1536.140713,1000,1409.523537
1666.395207,1000,1411.113972
1606.81307,1000,1413.877182
1592.627799,1000,1415.50434
1531.84609,1000,1417.930401
1590.732214,1000,1419.345415
1665.539954,1000,1421.770176
1650.497697,1000,1423.16407
1622.687328,1000,1425.564963
1611.668065,1000,1426.960675
1582.309172,1000,1429.434802
1627.463061,1000,1430.822116
1615.761386,1000,1433.312721
1629.014395,1000,1434.711547
1555.239421,1000,1437.108961
1689.365625,1000,1438.483342
1586.346997,1000,1440.972707
1599.419691,1000,1442.370633
1606.289132,1000,1444.825186
1607.708761,1000,1446.346339
1595.779573,1000,1449.196057
1640.382031,1000,1450.739233
1517.75056,1000,1453.277551
1671.662348,1000,1454.653292
1580.504366,1000,1457.185702
1653.121551,1000,1458.714134
1618.741247,1000,1461.234751
1667.437443,1000,1462.615522
1664.692015,1000,1465.064075
1637.932585,1000,1466.500726
1571.056057,1000,1469.079307
1648.857187,1000,1470.472939
1542.956126,1000,1472.918459
1673.004105,1000,1474.292287
1620.376934,1000,1476.752085
1718.00116,1000,1478.115075
1622.805155,1000,1480.575581
1612.591638,1000,1481.943285
1591.088588,1000,1484.347554
1615.45532,1000,1485.710725
1662.181014,1000,1487.121832
1603.284274,1000,1489.506818
1629.494407,1000,1490.900103
1646.3097,1000,1493.351852
1653.069847,1000,1494.748981
1602.283476,1000,1497.165069
1664.89804,1000,1498.560395
1607.040891,1000,1500.9688
1632.119624,1000,1502.375271
1563.964052,1000,1504.774852
1634.064205,1000,1506.169095
1564.947074,1000,1508.575058
1631.502482,1000,1510.042286
1620.086192,1000,1512.465538
1594.68734,1000,1513.851949
1642.976197,1000,1516.312705
1709.475388,1000,1517.694652
1599.628072,1000,1520.110707
1623.003322,1000,1521.487263
1661.252345,1000,1523.981528
1653.982774,1000,1525.379372
1637.83041,1000,1527.788728
1628.846898,1000,1529.185652
1623.765652,1000,1531.66886
1600.743606,1000,1533.06232
1582.415201,1000,1535.484329
1663.260636,1000,1536.86816
1631.790054,1000,1539.329914
1682.363745,1000,1540.708466
1602.378276,1000,1543.135217
1652.141096,1000,1544.515039
1567.141544,1000,1546.961989
1676.338638,1000,1548.333375
1524.473802,1000,1550.745285
1669.972196,1000,1552.11018
1561.794172,1000,1554.551637
1670.667918,1000,1555.936944
1668.620978,1000,1558.381726
1682.035964,1000,1559.751621
1591.671243,1000,1562.196517
1647.616574,1000,1563.568216
1606.112271,1000,1566.296114
1640.16259,1000,1567.729519
1609.193792,1000,1569.181539
1614.919432,1000,1571.931943
1638.319909,1000,1573.523592
1634.313576,1000,1576.050639
1646.933682,1000,1577.489054
1571.856737,1000,1580.22053
1724.066066,1000,1581.715733
1632.87984,1000,1584.324093
1704.185143,1000,1585.749499
1636.426381,1000,1588.215667
1616.833938,1000,1589.729489
1591.473967,1000,1592.363612
1508.664034,1000,1593.848651
1632.540917,1000,1596.353733
1666.493955,1000,1597.818859
1594.131733,1000,1600.397318
1589.981802,1000,1601.888705
1651.795213,1000,1604.436858
1613.452872,1000,1605.886373
1598.536184,1000,1608.45478
1682.890697,1000,1609.979234
1561.542606,1000,1612.711872
1690.609213,1000,1614.179991
1646.036812,1000,1616.762042
1666.893605,1000,1618.152843
1599.847592,1000,1620.565765
1652.423319,1000,1621.938941
1614.324122,1000,1624.435654
1636.163528,1000,1625.936233
1603.115128,1000,1628.859907
1631.181199,1000,1630.510325
1637.906413,1000,1633.23145
1683.09858,1000,1634.65635
1653.442621,1000,1637.160517
1633.625938,1000,1638.542106
1609.143296,1000,1641.07453
1626.780644,1000,1642.512469
1516.261526,1000,1645.170438
1612.51849,1000,1646.578532
1665.350279,1000,1649.095008
1671.170352,1000,1650.575972
1659.07016,1000,1652.001633
1698.760555,1000,1654.76789
1659.862718,1000,1656.190202
1638.563719,1000,1658.803938
1652.22761,1000,1660.263416
1598.214764,1000,1662.725639
1649.774986,1000,1664.145542
1639.51735,1000,1666.61861
1704.608052,1000,1668.042756
1661.723227,1000,1670.662857
1598.477186,1000,1672.062289
1615.19789,1000,1674.535576
1644.145115,1000,1676.06277
1594.356954,1000,1678.956559
1672.185648,1000,1680.400801
1620.473148,1000,1682.908386
1632.717842,1000,1684.373912
1558.250835,1000,1686.97101
1660.221182,1000,1688.475211
1580.397337,1000,1690.930444
1632.049376,1000,1692.32742
1559.117273,1000,1694.785262
1678.085835,1000,1696.191714
1574.522548,1000,1698.67781
1621.678311,1000,1700.177155
1573.776518,1000,1702.810217
1625.407435,1000,1704.222013
1623.215388,1000,1706.644624
1651.406446,1000,1708.182283
1601.561254,1000,1710.675575
1631.186541,1000,1712.107291
1653.441645,1000,1714.59561
1643.133918,1000,1715.96009
1564.791235,1000,1718.478799
1634.949947,1000,1719.865465
1606.801937,1000,1722.373681
1674.875811,1000,1723.746536
1552.307216,1000,1726.217123
1667.379872,1000,1727.616706
1673.393313,1000,1730.090463
1607.135204,1000,1731.459089
1596.822317,1000,1734.06595
1682.323328,1000,1735.439718
1681.949609,1000,1736.889485
1677.053156,1000,1739.355241
1698.523538,1000,1740.833709
1647.803422,1000,1743.418575
1681.238892,1000,1744.844428
1590.018546,1000,1747.291887
1625.236059,1000,1748.696256
1645.134906,1000,1751.157294
1671.457358,1000,1752.589595
1588.939743,1000,1755.22749
1641.558471,1000,1756.687549
1557.970583,1000,1759.132782
1663.370243,1000,1760.54429
1602.488594,1000,1762.99063
1631.231134,1000,1764.500321
1613.35407,1000,1767.010098
1591.210537,1000,1768.471725
1600.380004,1000,1771.202524
1614.077572,1000,1772.659322
1554.589657,1000,1775.211066
1674.020826,1000,1776.699242
1640.078447,1000,1779.185777
1615.746277,1000,1780.612144
1611.79439,1000,1783.089213
1584.526369,1000,1784.464766
1594.398962,1000,1786.954465
1629.527394,1000,1788.327203
1568.770165,1000,1790.76727
1553.882452,1000,1792.118979
1634.653988,1000,1794.588804
1621.379637,1000,1795.954644
1605.874806,1000,1798.578349
1638.663238,1000,1800.065519
1614.918532,1000,1802.512648
1519.592774,1000,1803.895715
1562.340671,1000,1806.437926
1612.785951,1000,1807.8229
1560.941346,1000,1810.537578
1647.014409,1000,1811.843116
1611.457713,1000,1813.814282
1619.063338,1000,1814.792158
1591.17116,1000,1816.619911
1687.402892,1000,1817.568459
1640.189897,1000,1818.52233
1619.087063,1000,1820.336365
1668.990039,1000,1821.287356
1666.973902,1000,1823.121839
1637.106846,1000,1824.078433
1615.992313,1000,1825.895786
1594.492778,1000,1826.842436
1623.050309,1000,1828.647945
1724.892522,1000,1829.592192
1647.7131,1000,1831.406866
1697.994379,1000,1832.34835
1604.743435,1000,1834.162196
1702.881399,1000,1835.102489
1556.897307,1000,1836.93218
1633.486333,1000,1837.88956
1610.600922,1000,1839.721833
1661.484792,1000,1840.678002
1609.812644,1000,1842.503598
1575.21767,1000,1843.456654
1550.733366,1000,1845.329083
1603.00409,1000,1846.294491
1575.524109,1000,1848.160825
1646.416146,1000,1849.117071
1495.805656,1000,1850.998617
1642.889758,1000,1851.958341
1593.459794,1000,1853.821447
1630.424411,1000,1854.785536
1600.565461,1000,1856.65802
1630.599817,1000,1857.609832
1661.971091,1000,1859.49438
1696.293974,1000,1860.486243
1615.150719,1000,1862.381052
1622.863068,1000,1863.34248
1649.529729,1000,1865.249815
1661.697334,1000,1866.197649
1580.348597,1000,1868.083289
1636.783237,1000,1869.051147
1564.219157,1000,1871.239574
1654.488394,1000,1872.211061
1645.284743,1000,1874.126526
1642.965256,1000,1875.082696
1653.308715,1000,1876.907164
1638.95302,1000,1877.899523
1559.962914,1000,1878.867977
1695.707888,1000,1880.732063
1648.502904,1000,1881.682441
1615.431093,1000,1883.509549
1610.02067,1000,1884.47061
1559.17141,1000,1886.303573
1617.760917,1000,1887.252043
1625.481678,1000,1889.121612
1684.646824,1000,1890.068721
1545.920306,1000,1891.881996
1601.301605,1000,1892.82466
1580.339598,1000,1894.621631
1638.939571,1000,1895.570213
1624.565777,1000,1897.389744
1638.897898,1000,1898.371944
1609.037855,1000,1900.208846
1616.696257,1000,1901.168943
1598.655819,1000,1903.256481
1665.939454,1000,1904.191897
1595.474449,1000,1906.054713
1622.741385,1000,1907.000069
1567.779005,1000,1908.841335
1683.245502,1000,1909.90433
1600.118425,1000,1911.733099
1595.862393,1000,1912.671749
1617.805802,1000,1914.521538
1615.399982,1000,1915.478845
1606.766683,1000,1917.393483
1622.023862,1000,1918.32385
1552.670933,1000,1920.156899
1645.081899,1000,1921.086313
1593.494417,1000,1922.940636
1631.249065,1000,1923.901362
1639.743883,1000,1925.922928
1651.046792,1000,1926.869329
1618.26765,1000,1928.809447
1592.986395,1000,1929.795431
1558.939641,1000,1931.730217
1661.487982,1000,1932.887092
1547.135507,1000,1934.878644
1584.851889,1000,1935.853688
1565.723056,1000,1937.725077
1586.229435,1000,1938.691797
1654.054211,1000,1939.692287
1533.704975,1000,1941.600308
1644.894383,1000,1942.584803
1592.464629,1000,1944.548355
1642.832683,1000,1945.489739
1596.992132,1000,1947.310868
1652.288762,1000,1948.269749
1587.750488,1000,1950.129915
1606.686071,1000,1951.085483
1572.288415,1000,1952.976129
1603.489422,1000,1953.975491
1610.144697,1000,1955.896154
1728.754265,1000,1956.872231
1579.190336,1000,1958.964319
1559.673089,1000,1959.920318
1572.208723,1000,1962.003536
1608.147406,1000,1962.944253
1580.303318,1000,1964.853934
1609.176123,1000,1965.842509
1579.360051,1000,1967.775752
1607.949407,1000,1968.727086
1548.412427,1000,1970.592167
1607.737954,1000,1971.53249
1626.156801,1000,1973.370969
1577.599854,1000,1974.344955
1558.27437,1000,1976.237186
1572.628345,1000,1977.200516
1593.085517,1000,1979.080949
1611.151385,1000,1980.030156
1561.592769,1000,1981.937189
1637.088218,1000,1982.892691
1580.558453,1000,1984.75518
1686.531829,1000,1985.716968
1603.203142,1000,1987.646667
1631.057803,1000,1988.58742
1590.777823,1000,1990.423912
1620.073636,1000,1991.382824
1608.068433,1000,1993.377052
1616.342338,1000,1994.335592
1584.970609,1000,1996.156298
1683.256719,1000,1997.098904
1628.104922,1000,1998.912545
1618.069988,1000,1999.875057
1666.483689,1000,2000.822729
1564.08606,1000,2002.612232
1578.484099,1000,2003.571364
1580.552565,1000,2005.359065
1651.602279,1000,2006.334404
1539.359988,1000,2008.180726
1660.431345,1000,2009.112714
1560.332806,1000,2010.922352
1572.43429,1000,2011.875365
1579.307027,1000,2013.811252
1624.332108,1000,2014.767863
1551.105916,1000,2016.605128
1569.090725,1000,2017.556638
1583.9948,1000,2019.395217
1588.09245,1000,2020.436525
1550.593335,1000,2022.666309
1592.049761,1000,2023.668853
1576.217735,1000,2025.704296
1582.408377,1000,2026.668301
1571.352558,1000,2028.609888
1604.479786,1000,2029.567792
1520.763893,1000,2031.448224
1579.146333,1000,2032.390225
1548.194243,1000,2034.275466
1623.525623,1000,2035.254477
1566.833343,1000,2037.122432
1588.473211,1000,2038.098366
1549.174265,1000,2039.947315
1578.87048,1000,2040.900501
1507.057541,1000,2042.731856
1595.889076,1000,2043.68097
1552.896721,1000,2045.601707
1575.091565,1000,2046.548014
1548.540008,1000,2048.336771
1595.153177,1000,2049.306363
1501.481418,1000,2051.117082
1548.663819,1000,2052.064827
1549.199023,1000,2053.88123
1594.726243,1000,2054.837163
1625.329979,1000,2056.638853
1585.919157,1000,2057.654566
1526.065964,1000,2058.61123
1642.546882,1000,2060.507771
1561.489587,1000,2061.452718
1542.241992,1000,2063.357584
1616.486802,1000,2064.297662
1608.564992,1000,2066.127646
1630.98523,1000,2067.196794
1573.477361,1000,2069.099777
1635.023538,1000,2070.061332
1577.52972,1000,2071.855284
1586.056582,1000,2072.82031
1537.754529,1000,2074.575514
1609.717439,1000,2075.57034
1545.882635,1000,2077.395872
1625.678033,1000,2078.364141
1561.444909,1000,2080.435901
1536.73852,1000,2081.395523
1550.898878,1000,2083.296514
1581.27042,1000,2084.250618
1530.54906,1000,2086.125762
1625.830179,1000,2087.075129
1595.678248,1000,2089.009249
1617.199063,1000,2090.156205
1543.907523,1000,2092.067361
1599.910355,1000,2093.035726
1623.659982,1000,2094.945427
1599.663408,1000,2095.974134
1578.120726,1000,2098.800441
1592.836223,1000,2099.822994
1573.4856,1000,2101.754619
1594.95511,1000,2102.965043
1530.858043,1000,2104.916439
1660.183614,1000,2105.860506
1584.513575,1000,2107.679204
1592.041138,1000,2108.674323
1588.900978,1000,2110.561382
1606.727043,1000,2111.644886
1552.30105,1000,2113.565127
1622.133995,1000,2114.492827
1535.645037,1000,2116.455744
1562.053392,1000,2117.38668
1585.199729,1000,2119.236856
1613.339959,1000,2120.258047
1634.094271,1000,2121.238238
1611.172694,1000,2123.119372
1618.042734,1000,2124.18209
1521.536562,1000,2126.064378
1574.471226,1000,2127.125583
1535.143225,1000,2129.126092
1615.67878,1000,2130.067642
1567.861023,1000,2131.864188
1639.518467,1000,2132.7928
1587.511719,1000,2134.632454
1641.867099,1000,2135.576348
1601.893066,1000,2137.444194
1627.674838,1000,2138.39443
1620.115725,1000,2140.277444
1611.64776,1000,2141.225139
1573.041387,1000,2143.067281
1628.867374,1000,2144.001745
1528.00019,1000,2145.854469
1580.481566,1000,2146.789803
1594.396627,1000,2148.636347
1648.315955,1000,2149.577566
1548.053135,1000,2151.462631
1594.054921,1000,2152.400515
1543.11551,1000,2154.261728
1553.576579,1000,2155.245561
1545.504168,1000,2157.285716
1589.786829,1000,2158.357116
1474.25481,1000,2160.226105
1506.281775,1000,2161.174185
1494.170468,1000,2163.080562
1561.678641,1000,2164.008107
1506.181429,1000,2165.785193
1539.832621,1000,2166.715955
1534.244609,1000,2168.496442
1576.274885,1000,2169.443546
1538.789506,1000,2171.219538
1601.044445,1000,2172.153636
1548.113484,1000,2173.940688
1605.090343,1000,2174.886917
1538.277696,1000,2176.809212
1691.266342,1000,2177.832117
1649.233086,1000,2179.708171
1551.849686,1000,2180.659035
1671.451669,1000,2181.599054
1627.7728,1000,2183.438973
1609.689962,1000,2184.401778
1597.934793,1000,2186.411634
1673.103282,1000,2187.482462
1533.213757,1000,2189.287177
1585.564733,1000,2190.302014
1574.961951,1000,2192.198321
1653.776823,1000,2193.133031
1614.090998,1000,2194.958712
1633.105403,1000,2195.907263
1629.534331,1000,2197.76334
1645.992123,1000,2198.710492
1548.215465,1000,2200.568529
1582.299795,1000,2201.53765
1553.945669,1000,2203.404114
1654.743634,1000,2204.347853
1640.668607,1000,2206.257056
1677.472598,1000,2207.354119
1613.571174,1000,2209.277911
1636.54301,1000,2210.195934
1575.618446,1000,2212.054867
1533.870692,1000,2213.014474
1629.427668,1000,2214.842665
1654.682319,1000,2215.854375
1652.72512,1000,2217.899112
1629.667844,1000,2219.008867
1569.024659,1000,2220.947602
1611.647519,1000,2221.901347
1597.293747,1000,2223.924956
1609.600218,1000,2224.919935
1527.897609,1000,2226.693841
1650.825356,1000,2227.627445
1495.238094,1000,2229.448009
1601.396514,1000,2230.36835
1567.452162,1000,2232.405623
1606.849939,1000,2233.412304
1641.44281,1000,2235.278841
1594.731933,1000,2236.228081
1592.19336,1000,2238.036451
1616.763732,1000,2238.981017
1619.583011,1000,2240.867345
1626.59904,1000,2241.807205
1666.714833,1000,2242.761795
1632.754795,1000,2244.870657
1676.681998,1000,2245.923798
1624.894304,1000,2247.77064
1635.828024,1000,2248.865102
1598.3414,1000,2250.747889
1616.296195,1000,2251.678842
1590.276728,1000,2253.579443
1641.715256,1000,2254.637506
1613.056934,1000,2256.668812
1641.598869,1000,2257.668341
1581.401267,1000,2259.589781
1650.203756,1000,2260.573798
1567.087789,1000,2262.499698
1622.595164,1000,2263.457812
1552.497396,1000,2265.579094
1614.366882,1000,2266.626972
1613.771749,1000,2268.809404
1624.019672,1000,2269.8442
1584.940766,1000,2271.915339
1641.184613,1000,2272.876368
1613.391259,1000,2274.893837
1678.063578,1000,2275.914822
1559.721769,1000,2277.766865
1647.451095,1000,2278.727409
1610.317781,1000,2280.649044
1654.718608,1000,2281.611084
1643.540119,1000,2283.512666
1659.894299,1000,2284.513122
1631.43173,1000,2286.422436
1664.611483,1000,2287.389157
1573.652383,1000,2289.212601
1643.196117,1000,2290.175926
1619.985397,1000,2292.077529
1604.163717,1000,2293.041818
1616.787123,1000,2294.90726
1655.137001,1000,2295.874438
1589.646169,1000,2297.711064
1658.884234,1000,2298.664696
1606.225707,1000,2300.542228
1634.117389,1000,2301.490121
1612.837788,1000,2303.367843
1630.246747,1000,2304.357708
1647.972527,1000,2305.311049
1582.169105,1000,2307.121289
1659.303902,1000,2308.075916
1550.686368,1000,2309.932192
1643.308567,1000,2310.912171
1541.40161,1000,2312.804498
1651.892742,1000,2313.775892
1601.38794,1000,2315.695802
1640.539068,1000,2316.676913
1610.757598,1000,2318.831196
1637.493197,1000,2319.796247
1630.495975,1000,2321.737249
1640.954165,1000,2322.704165
1583.130187,1000,2324.55785
1647.459667,1000,2325.505568
1551.022256,1000,2327.38614
1618.668636,1000,2328.344938
1587.61193,1000,2330.248483
1589.914962,1000,2331.202863
1578.059555,1000,2333.076474
1622.790982,1000,2334.032941
1615.205705,1000,2336.052212
1602.409674,1000,2337.005007
1569.810936,1000,2338.943038
1603.553791,1000,2339.903782
1581.088619,1000,2341.719878
1654.779092,1000,2342.664327
1602.672939,1000,2344.553385
1652.630445,1000,2345.509678
1582.30118,1000,2347.349719
1626.364737,1000,2348.294857
1618.643914,1000,2350.126348
1690.64525,1000,2351.069517
1525.898751,1000,2352.956012
1632.693007,1000,2353.959913
1563.348878,1000,2355.847557
1613.253717,1000,2356.975759
1600.683649,1000,2358.769809
1682.825128,1000,2359.708739
1619.902723,1000,2361.548183
1626.406995,1000,2362.484734
1649.033759,1000,2364.295181
1661.91689,1000,2365.264163
1665.100164,1000,2366.264071
1615.337542,1000,2368.094208
1616.572005,1000,2369.046153
1644.623007,1000,2370.881799
1641.938784,1000,2371.831728
1599.114533,1000,2373.657938
1621.605104,1000,2374.617213
1528.416299,1000,2376.568434
1586.321063,1000,2377.525409
1557.392379,1000,2379.397168
1695.810682,1000,2380.378471
1600.287981,1000,2382.318645
1651.736265,1000,2383.249208
1592.378291,1000,2385.123702
1586.640725,1000,2386.145877
1593.295885,1000,2388.086106
1627.229526,1000,2389.035632
1611.875843,1000,2390.885214
1647.43355,1000,2391.816132
1565.345739,1000,2393.642699
1623.59169,1000,2394.618538
1588.927222,1000,2396.529971
1649.074542,1000,2397.462904
1582.764861,1000,2399.232975
1596.376473,1000,2400.173348
1590.528003,1000,2401.955361
1653.896973,1000,2402.88732
1075.145193,1000,2404.660674
1618.738303,1000,2405.619706
1551.674026,1000,2407.452119
1723.418832,1000,2408.415062
1595.135043,1000,2410.252725
1617.832418,1000,2411.229688
1581.764476,1000,2413.25026
1641.867194,1000,2414.343082
1518.205383,1000,2416.146719
1636.42241,1000,2417.082207
1569.617035,1000,2418.863413
1626.122868,1000,2419.81537
1623.391821,1000,2421.657729
1644.839938,1000,2422.650291
1631.434585,1000,2423.629086
1687.077729,1000,2425.506409
1709.79683,1000,2426.477246
1631.487772,1000,2428.340068
1652.289915,1000,2429.418933
1625.291999,1000,2431.541884
1707.248356,1000,2432.488128
1616.56722,1000,2434.327793
1698.330199,1000,2435.269306
1654.544915,1000,2437.234834
1724.049161,1000,2438.254983
1547.870936,1000,2440.366985
1638.986182,1000,2441.357445
1556.519479,1000,2443.210962
1614.665343,1000,2444.156445
1689.013023,1000,2446.029633
1623.207196,1000,2447.005131
1577.572191,1000,2448.902599
1679.170728,1000,2449.985948
1581.227945,1000,2451.935508
1723.217996,1000,2452.855713
1582.963563,1000,2454.726551
1712.275966,1000,2455.653996
1639.035744,1000,2457.400662
1693.538048,1000,2458.324709
1638.387587,1000,2460.064621
1633.618913,1000,2460.982121
1578.346694,1000,2462.776438
1685.016579,1000,2463.775393
1603.860779,1000,2465.593295
1670.152367,1000,2466.532705
1632.0391,1000,2468.3499
1668.891394,1000,2469.358908
1601.17422,1000,2471.214796
1626.876961,1000,2472.331623
1599.495723,1000,2474.137317
1673.938086,1000,2475.126544
1625.659712,1000,2476.948353
1678.508081,1000,2477.915156
1669.179116,1000,2479.724865
1633.32528,1000,2480.702029
1611.029132,1000,2482.66676
1718.150593,1000,2483.748652
1695.82229,1000,2485.113823
1664.810481,1000,2487.559547
1677.748008,1000,2488.934341
1680.981744,1000,2491.407894
1680.675682,1000,2492.778431
1590.162972,1000,2495.233582
1653.170443,1000,2496.613433
1605.661621,1000,2499.198847
1674.973921,1000,2500.634809
1592.213559,1000,2503.043724
1655.636478,1000,2504.420461
1625.132571,1000,2506.863763
1654.327546,1000,2508.267072
1595.049493,1000,2510.724767
1674.887611,1000,2512.153538
1588.594571,1000,2514.579189
1582.85921,1000,2516.02686
1565.220898,1000,2518.547374
1617.466873,1000,2519.982756
1605.110643,1000,2522.516022
1634.633947,1000,2523.912699
1630.359968,1000,2526.339361
1656.27542,1000,2527.725697
1584.453188,1000,2530.15851
1646.211249,1000,2531.557464
1645.672436,1000,2534.038986
1693.390995,1000,2535.461703
1589.64637,1000,2537.901668
1709.710764,1000,2539.300177
1574.023776,1000,2541.706463
1652.283857,1000,2543.106079
1680.378883,1000,2545.705502
1653.137208,1000,2547.104238
1578.035615,1000,2549.564308
1644.595564,1000,2551.005847
1550.90264,1000,2553.4442
1692.389932,1000,2554.842945
1671.022639,1000,2557.29143
1686.783807,1000,2558.699228
1625.39307,1000,2561.085042
1663.721689,1000,2562.479212
1672.110763,1000,2564.344
1661.803208,1000,2565.276431
1682.842926,1000,2566.216898
1653.319884,1000,2568.050518
1673.983336,1000,2568.977282
1602.830142,1000,2570.816092
1713.598802,1000,2571.756374
1594.24777,1000,2573.604634
1676.527895,1000,2574.567445
1622.123652,1000,2576.432252
1657.672664,1000,2577.465382
1581.518263,1000,2579.353303
1676.340202,1000,2580.313626
1631.879675,1000,2582.162916
1649.113126,1000,2583.118016
1683.753261,1000,2584.946878
1700.585037,1000,2585.884662
1601.107074,1000,2587.739687
1676.202092,1000,2588.701987
1586.249856,1000,2590.715893
1684.843452,1000,2591.670569
1528.930981,1000,2593.511835
1655.940877,1000,2594.523881
1640.706352,1000,2596.404578
1647.963109,1000,2597.385036
1587.253731,1000,2599.252054
1690.314197,1000,2600.216963
1620.787774,1000,2601.984829
1664.431699,1000,2602.95102
1576.398982,1000,2604.776757
1620.217962,1000,2605.748669
1582.96191,1000,2607.517623
1627.666924,1000,2608.436702
1593.912238,1000,2610.207193
1602.881135,1000,2611.150002
1557.427074,1000,2612.925542
1604.425408,1000,2613.852437
1565.643107,1000,2615.653037
1648.898998,1000,2616.603447
1625.579509,1000,2618.403038
1617.507917,1000,2619.336826
1535.742204,1000,2621.179802
1619.984751,1000,2622.118877
1615.496653,1000,2623.979306
1652.094278,1000,2624.918285
1605.743436,1000,2625.905067
1676.313683,1000,2627.77975
1712.550324,1000,2628.722919
1578.16415,1000,2630.58764
1645.223756,1000,2631.531185
1559.991655,1000,2633.392244
1644.325199,1000,2634.540125
1556.524368,1000,2636.605786
1596.486504,1000,2637.569089
1568.423634,1000,2639.611107
1649.75911,1000,2640.741828
1626.855382,1000,2642.623856
1627.978203,1000,2643.627529
1538.5179,1000,2645.506571
1602.487507,1000,2646.434208
1646.086108,1000,2648.535245
1640.668357,1000,2649.55986
1620.222825,1000,2651.410371
1659.330345,1000,2652.359209
1556.479819,1000,2654.492672
1634.640432,1000,2655.460791
1579.668387,1000,2657.547961
1667.628461,1000,2658.536458
1604.347824,1000,2660.718404
1697.838141,1000,2661.737451
1564.496436,1000,2663.657799
1626.873461,1000,2664.652371
1607.274429,1000,2666.740557
1660.389099,1000,2667.73296
1604.449701,1000,2669.67868
1671.22695,1000,2670.618709
1684.158794,1000,2672.419328
1614.199786,1000,2673.374386
1586.325617,1000,2675.207886
1638.823901,1000,2676.148118
1579.330027,1000,2677.973343
1681.463526,1000,2678.953573
1564.32293,1000,2680.817888
1645.625582,1000,2681.745862
1589.010848,1000,2683.58892
1669.116343,1000,2684.519054
1559.004634,1000,2686.421332
1692.483593,1000,2687.402261
1608.73889,1000,2688.44712
1640.89565,1000,2690.397838
1598.842738,1000,2691.408823
1621.802468,1000,2693.478587
1636.213243,1000,2694.503843
1617.641749,1000,2696.489526
1693.451566,1000,2697.512863
1578.589318,1000,2699.451225
1709.569211,1000,2700.494408
1579.993824,1000,2702.637583
1618.527588,1000,2703.639648
1669.215204,1000,2705.650695
1712.321044,1000,2706.883312
1624.250234,1000,2708.961797
1701.726523,1000,2710.083635
1669.069017,1000,2711.984675
1659.902731,1000,2712.9198
1571.558946,1000,2714.745959
1607.893102,1000,2715.725911
1674.467976,1000,2717.53257
1655.844092,1000,2718.552986
1626.665867,1000,2720.458433
1685.75086,1000,2721.41293
1616.166842,1000,2723.266808
1648.532668,1000,2724.236883
1603.195048,1000,2726.051007
1601.338169,1000,2726.991566
1618.329697,1000,2728.800284
1631.338144,1000,2729.741245
1634.911979,1000,2731.54178
1675.395273,1000,2732.492121
1595.91985,1000,2734.351366
1646.463022,1000,2735.296037
1571.742351,1000,2737.12298
1650.626818,1000,2738.069549
1638.208913,1000,2739.969339
1610.364431,1000,2741.035428
1622.906229,1000,2743.043217
1608.616037,1000,2743.993134
1579.297374,1000,2745.910452
1680.185964,1000,2746.855844
1671.622057,1000,2748.793794
1686.740765,1000,2749.827807
1589.457666,1000,2750.903503
1642.61248,1000,2752.824786
1650.40989,1000,2753.776745
1583.702656,1000,2755.735363
1662.892894,1000,2756.75703
1594.016623,1000,2758.666575
1663.01416,1000,2759.66481
1647.552446,1000,2761.603244
1636.295088,1000,2762.668804
1649.252746,1000,2764.590714
1616.820783,1000,2765.551779
1717.500519,1000,2767.597243
1689.486764,1000,2768.577557
1633.990127,1000,2770.516864
1677.435384,1000,2771.485852
1587.117208,1000,2773.339286
1685.999631,1000,2774.315408
1632.261905,1000,2776.137133
1640.629494,1000,2777.100358
1641.165295,1000,2778.983037
1654.863802,1000,2779.979253
1628.708579,1000,2781.842883
1657.554003,1000,2782.819963
1632.589637,1000,2784.666183
1733.260116,1000,2785.605842
1569.117248,1000,2787.500987
1650.990362,1000,2788.512267
1615.835645,1000,2790.305164
1672.88734,1000,2791.338283
1608.658651,1000,2793.17493
1635.661247,1000,2794.128621
1609.709922,1000,2795.923753
1660.976616,1000,2796.890942
1652.935702,1000,2798.714879
1653.173666,1000,2799.6495
1665.646759,1000,2801.487739
1676.063084,1000,2802.490027
1637.070871,1000,2804.298007
1669.01479,1000,2805.230931
1638.970776,1000,2807.228232
1651.205903,1000,2808.294083
1698.078606,1000,2809.262492
1684.139918,1000,2811.073508
1703.449079,1000,2812.010798
1609.137229,1000,2813.845298
1625.919785,1000,2814.798815
1598.483035,1000,2816.690467
1713.208048,1000,2817.64872
1616.4213,1000,2819.507581
1686.345627,1000,2820.489175
1624.438749,1000,2822.362099
1710.794967,1000,2823.335441
1640.494262,1000,2825.306326
1669.361594,1000,2826.327235
1646.42808,1000,2828.248009
1638.53696,1000,2829.206867
1630.108078,1000,2831.069644
1684.110891,1000,2832.009263
1690.98347,1000,2833.815492
1619.928817,1000,2834.75379
1656.010474,1000,2836.603231
1698.73875,1000,2837.587821
1652.804058,1000,2839.462893
1706.310597,1000,2840.500682
1698.62159,1000,2842.291722
1677.166425,1000,2843.279258
1664.355543,1000,2845.113276
1652.81741,1000,2846.055462
1574.270174,1000,2847.847666
1655.141958,1000,2848.78197
1632.771016,1000,2850.575339
1669.35418,1000,2851.505147
1686.154117,1000,2853.28734
1613.956879,1000,2854.286609
1615.291305,1000,2856.289735
1654.550026,1000,2857.267325
1585.453158,1000,2859.130808
1659.27252,1000,2860.101073
1611.245095,1000,2861.956057
1674.845171,1000,2862.941024
1619.437854,1000,2864.790796
1628.048806,1000,2865.734859
1647.549832,1000,2867.580846
1681.979049,1000,2868.52212
1675.295524,1000,2869.462799
1640.069742,1000,2871.413054
1723.501038,1000,2872.346087
1580.463811,1000,2874.18323
1666.681374,1000,2875.126427
1558.405211,1000,2876.969828
1668.609315,1000,2877.92365
1654.379391,1000,2879.757917
1676.739149,1000,2880.718831
1605.375341,1000,2882.771081
1605.423403,1000,2883.77815
1641.907944,1000,2885.807714
1656.488723,1000,2886.779891
1603.09471,1000,2888.785354
1642.918299,1000,2889.766226
1571.282755,1000,2891.836791
1663.891884,1000,2892.847189
1641.774594,1000,2894.748337
1736.826201,1000,2895.721041
1661.338669,1000,2897.594659
1681.098758,1000,2898.599876
1593.51942,1000,2900.494639
1704.315971,1000,2901.439316
1573.045047,1000,2903.260733
1647.9596,1000,2904.238317
1627.51356,1000,2906.21692
1627.429683,1000,2907.248166
1601.011198,1000,2909.103377
1705.090675,1000,2910.041226
1656.452575,1000,2911.83535
1695.643259,1000,2912.773125
1632.772379,1000,2914.631371
1683.509407,1000,2915.600539
1615.561797,1000,2917.577029
1724.807128,1000,2918.567881
1622.29835,1000,2920.706055
1690.592076,1000,2921.702077
1623.736639,1000,2923.616955
1690.100207,1000,2924.56049
1622.744451,1000,2926.509858
1697.437182,1000,2927.442597
1598.960538,1000,2929.283882
1664.900458,1000,2930.246367
1639.161492,1000,2931.187998
1613.572739,1000,2933.074711
1633.161463,1000,2934.005966
1620.640136,1000,2935.90321
1660.557947,1000,2936.868977
1589.3371,1000,2938.749698
1605.592207,1000,2939.691541
1577.587575,1000,2941.642855
1654.047918,1000,2942.574378
1576.492564,1000,2944.39465
1661.751934,1000,2945.333185
1647.632441,1000,2947.106809
1651.561561,1000,2948.039337
1582.153909,1000,2949.813853
1714.795498,1000,2950.754587
1636.013072,1000,2952.524418
1654.173938,1000,2953.457195
1647.871159,1000,2955.223398
1706.57557,1000,2956.157148
1583.803991,1000,2957.924422
1685.86754,1000,2958.851843
1594.945327,1000,2960.692346
1642.844757,1000,2961.652922
1685.98756,1000,2963.459359
1720.665779,1000,2964.391002
1674.205965,1000,2966.295365
1687.611253,1000,2967.364175
1585.109766,1000,2969.247239
1707.815326,1000,2970.216212
1584.09019,1000,2972.041187
1708.375184,1000,2972.979444
1629.527373,1000,2974.818001
1738.870266,1000,2975.753524
1645.169815,1000,2977.589885
1688.774552,1000,2978.53853
1640.038935,1000,2980.611381
1710.541806,1000,2981.543384
1631.606506,1000,2983.376973
1638.811569,1000,2984.299116
1672.13234,1000,2986.218851
1714.280378,1000,2987.2111
1674.602955,1000,2989.141086
1706.263011,1000,2990.111412
1710.53809,1000,2991.110601
1740.225017,1000,2993.010664
1756.596718,1000,2993.976516
1664.035853,1000,2995.90481
1710.01723,1000,2996.9577
1616.603913,1000,2999.036659
1689.200258,1000,3000.021973
1640.331448,1000,3002.034784
1679.656102,1000,3003.199384
1648.460439,1000,3005.092525
1652.261255,1000,3006.038985
1692.174222,1000,3007.836864
1682.262378,1000,3008.774083
1733.961728,1000,3010.572684
1774.491493,1000,3011.520398
1667.212284,1000,3013.372958
1718.998744,1000,3014.316552
1635.660887,1000,3016.132281
1680.456513,1000,3017.08376
1594.330941,1000,3018.912639
1685.623765,1000,3019.864333
1684.844508,1000,3021.696064
1681.191783,1000,3022.651979
1609.18929,1000,3024.475841
1631.090902,1000,3025.427847
1539.583799,1000,3027.25154
1697.029024,1000,3028.232813
1613.303485,1000,3030.103013
1633.725241,1000,3031.055137
1598.482598,1000,3032.916007
1653.578443,1000,3033.892345
1631.015999,1000,3035.942787
1702.3804,1000,3037.017313
1634.35351,1000,3038.970885
1677.598675,1000,3039.990763
1618.359806,1000,3041.993627
1655.360513,1000,3043.019059
1593.321166,1000,3045.00659
1654.459259,1000,3045.945227
1683.520488,1000,3047.797152
1665.613096,1000,3048.761836
1583.332598,1000,3050.711607
1645.486451,1000,3051.66101
1641.732605,1000,3052.597608
1586.843938,1000,3054.451212
1646.594412,1000,3055.461083
1616.714981,1000,3057.535689
1671.657539,1000,3058.604124
1564.833357,1000,3060.424012
1645.541465,1000,3061.363968
1595.004853,1000,3063.164729
1615.814186,1000,3064.096623
1610.847595,1000,3065.902212
1593.383148,1000,3066.837383
1613.207497,1000,3068.629793
1632.504693,1000,3069.578022
1657.553646,1000,3071.415571
1654.767582,1000,3072.3697
1591.86226,1000,3074.18152
1663.790091,1000,3075.142467
1601.834103,1000,3076.985091
1681.664906,1000,3077.927822
1657.972731,1000,3079.732123
1656.153085,1000,3080.671692
1596.491392,1000,3082.484624
1696.892214,1000,3083.425841
1621.209034,1000,3085.248569
1699.188077,1000,3086.203367
1580.986588,1000,3088.10861
1674.17142,1000,3089.067734
1666.964086,1000,3090.907852
1679.245517,1000,3091.84702
1626.541267,1000,3093.682201
1668.384201,1000,3094.619633
1601.514996,1000,3096.453026
1663.379187,1000,3097.390417
1661.419452,1000,3099.218563
1642.436411,1000,3100.161843
1581.433865,1000,3101.996391
1709.541138,1000,3102.934549
1695.132696,1000,3104.821995
1698.477854,1000,3105.760425
1623.035616,1000,3107.618408
1674.055213,1000,3108.545203
1689.328916,1000,3110.374604
1671.095573,1000,3111.29974
1705.525002,1000,3112.226058
1731.28279,1000,3114.149068
1786.894252,1000,3115.100411
1540.786391,1000,3116.967453
1637.735233,1000,3117.906676
1674.631563,1000,3119.679352
1739.532777,1000,3120.604633
1620.46926,1000,3122.38221
1689.204068,1000,3123.315841
1645.352715,1000,3125.125081
1683.900288,1000,3126.144725
1707.895281,1000,3128.237609
1728.607416,1000,3129.283482
1643.995942,1000,3131.309113
1660.610927,1000,3132.253605
1541.30227,1000,3134.088831
1601.838098,1000,3135.134686
1617.078377,1000,3137.045421
1733.057393,1000,3138.067506
1617.407594,1000,3140.144434
1724.598113,1000,3141.077291
1686.189997,1000,3142.933657
1735.122259,1000,3143.940456
922.586056,1000,3145.913955
1599.971337,1000,3146.905403
1639.999401,1000,3148.940697
1708.992076,1000,3149.950702
1622.596838,1000,3151.833857
1658.720344,1000,3152.843857
1646.419905,1000,3154.750456
1653.964434,1000,3155.711253
1719.25462,1000,3157.62614
1813.425005,1000,3158.623859
1671.632908,1000,3160.571975
1673.298359,1000,3161.733193
1615.209052,1000,3163.782339
1647.191259,1000,3164.79129
1591.584377,1000,3167.040755
1670.408521,1000,3168.30588
1696.636781,1000,3170.329061
1619.588424,1000,3171.260532
1691.11542,1000,3172.189867
1752.966273,1000,3174.113591
1665.912747,1000,3175.068619
1637.709091,1000,3176.920398
1736.490863,1000,3177.909557
1684.559714,1000,3179.778766
1653.172472,1000,3180.905614
1597.714314,1000,3182.904237
1600.01004,1000,3183.876657
1581.815115,1000,3185.670264
1687.412082,1000,3186.603279
1606.384694,1000,3188.506971
1634.552477,1000,3189.510041
1559.066364,1000,3191.507549
1640.735472,1000,3192.451697
1622.403536,1000,3194.338618
1663.026919,1000,3195.383434
1563.345226,1000,3197.264326
1631.868515,1000,3198.288898
1529.071799,1000,3200.29518
1644.998422,1000,3201.311652
1617.015474,1000,3203.24635
1633.128783,1000,3204.296443
1642.285536,1000,3206.40005
1747.970157,1000,3207.397644
1660.009616,1000,3209.285768
1645.604792,1000,3210.386703
1601.299483,1000,3212.237319
1668.937979,1000,3213.162344
1579.897825,1000,3214.987451
1626.206157,1000,3215.913645
1620.064142,1000,3217.738559
1684.0268,1000,3218.67312
1540.465873,1000,3220.513839
1609.554999,1000,3221.446565
1562.193855,1000,3223.264535
1648.873029,1000,3224.187464
1621.492945,1000,3226.000864
1589.016649,1000,3226.922277
1547.039451,1000,3228.746623
1626.368562,1000,3229.667713
1590.231042,1000,3231.572743
1599.603586,1000,3232.505807
1677.919454,1000,3233.439024
1604.086453,1000,3235.228796
1637.525163,1000,3236.164465
1545.42437,1000,3237.960805
1544.615856,1000,3238.895414
1557.521028,1000,3240.751433
1627.540386,1000,3241.698325
1597.760315,1000,3243.572837
1585.848454,1000,3244.527843
1527.29197,1000,3246.351027
1590.72906,1000,3247.288816
1605.119476,1000,3249.120408
1658.717587,1000,3250.113813
1565.338842,1000,3252.022641
1617.099766,1000,3253.038264
1539.973562,1000,3254.823161
1661.092107,1000,3255.761261
1595.74724,1000,3257.554159
1653.862074,1000,3258.492148
1564.294989,1000,3260.270393
1724.586929,1000,3261.223147
1605.701281,1000,3263.207436
1634.292962,1000,3264.133431
1601.291999,1000,3265.976136
1687.991239,1000,3266.903597
1513.418417,1000,3268.73296
1689.521456,1000,3269.658757
1635.224412,1000,3271.486128
1632.5781,1000,3272.41621
1526.64682,1000,3274.233954
1622.984021,1000,3275.1693
1597.928418,1000,3276.996807
1606.332077,1000,3277.925853
1570.056802,1000,3279.795217
1660.680231,1000,3280.730992
1658.914457,1000,3282.564194
1546.822711,1000,3283.499828
1601.162837,1000,3285.33063
1686.941134,1000,3286.266602
1640.422002,1000,3288.189507
1597.764396,1000,3289.175171
1584.616291,1000,3291.03229
1606.769536,1000,3292.011193
1649.445275,1000,3292.955393
1624.416399,1000,3294.765818
1613.384665,1000,3295.706973
1533.4914,1000,3297.508811
1636.8693,1000,3298.447536
1536.241556,1000,3300.231679
1587.303317,1000,3301.158602
1545.225456,1000,3302.937865
1608.57247,1000,3303.864552
1535.731596,1000,3305.805902
1572.508452,1000,3306.797018
1606.818331,1000,3308.842998
1621.399262,1000,3309.869233
1635.143387,1000,3311.749332
1667.508048,1000,3312.831583
1575.939863,1000,3314.860261
1651.060253,1000,3315.875896
1604.01984,1000,3317.958947
1680.440216,1000,3319.024889
1590.473365,1000,3321.167858
1584.586301,1000,3322.145894
1600.699132,1000,3324.00157
1625.923536,1000,3324.937992
1542.573699,1000,3326.769684
1642.149855,1000,3327.69914
1621.429964,1000,3329.542582
1630.993555,1000,3330.483439
1603.453859,1000,3332.331357
1656.815809,1000,3333.260216
1558.482878,1000,3335.101418
1582.456171,1000,3336.064767
1654.402499,1000,3338.018887
1587.098129,1000,3338.956224
1631.436393,1000,3340.832415
1653.839536,1000,3341.77576
1603.020387,1000,3343.648133
1615.850509,1000,3344.629271
1646.085359,1000,3346.589684
1694.576042,1000,3347.565876
1631.01661,1000,3349.448427
1662.573245,1000,3350.398921
1541.730153,1000,3352.22988
1711.479669,1000,3353.174266
1645.393604,1000,3354.12858
1612.929646,1000,3356.004088
1662.727681,1000,3357.017783
1628.414006,1000,3358.847612
1635.170927,1000,3359.805161
1543.388623,1000,3361.643651
1629.608358,1000,3362.611922
1528.232576,1000,3364.560549
1589.446029,1000,3365.524416
1631.607977,1000,3367.36029
1593.649751,1000,3368.325557
1604.022376,1000,3370.363138
1669.486115,1000,3371.342664
1587.430075,1000,3373.161333
1612.649667,1000,3374.140788
1569.539214,1000,3375.925547
1656.065895,1000,3376.937495
1564.188608,1000,3378.840322
1630.865151,1000,3379.787571
1631.032309,1000,3381.702261
1668.181872,1000,3382.64826
1624.854784,1000,3384.503608
1604.673721,1000,3385.465133
1576.730494,1000,3387.29094
1636.58259,1000,3388.225386
1616.037224,1000,3390.133725
1592.440038,1000,3391.219137
1578.182251,1000,3393.481136
1604.085795,1000,3394.495719
1563.277572,1000,3396.652509
1623.003735,1000,3397.700508
1523.782661,1000,3399.561198
1659.883794,1000,3400.500206
1566.362077,1000,3402.332795
1641.263295,1000,3403.273334
1570.477739,1000,3405.221297
1665.935984,1000,3406.155035
1578.348892,1000,3407.933754
1590.899554,1000,3408.870576
1566.751723,1000,3410.646396
1559.014384,1000,3411.575169
1595.682821,1000,3413.351771
1584.320459,1000,3414.278063
1629.810118,1000,3415.206899
1589.443158,1000,3417.03104
1635.767674,1000,3417.959338
1576.301073,1000,3419.71802
1627.061759,1000,3420.639266
1588.566994,1000,3422.39506
1655.169854,1000,3423.320289
1583.852726,1000,3425.082704
1605.918525,1000,3426.034477
1610.924462,1000,3427.870534
1631.133121,1000,3428.802657
1583.656692,1000,3430.597852
1650.464103,1000,3431.538617
1549.409858,1000,3433.32558
1632.146996,1000,3434.277312
1617.621781,1000,3436.209019
1640.771497,1000,3437.167924
1602.935386,1000,3439.15981
1630.419901,1000,3440.135048
1625.063273,1000,3442.302948
1615.845133,1000,3443.341261
1593.40568,1000,3445.274508
1596.01418,1000,3446.221273
1559.663975,1000,3448.303842
1601.217734,1000,3449.369652
1547.978151,1000,3451.227988
1679.856753,1000,3452.167361
1611.979336,1000,3454.013678
1551.796997,1000,3454.947529
1596.498722,1000,3456.808621
1618.675385,1000,3457.736875
1583.129725,1000,3459.564279
1650.124232,1000,3460.501195
1568.991986,1000,3462.437155
1630.41443,1000,3463.376065
1625.686974,1000,3465.17342
1603.832868,1000,3466.112849
1612.449055,1000,3468.097457
1645.120415,1000,3469.152209
1539.338598,1000,3470.991936
1611.931134,1000,3471.965168
1597.008966,1000,3473.880184
1670.50873,1000,3474.833264
1667.24367,1000,3475.775816
1595.001548,1000,3477.578463
1628.573315,1000,3478.522686
1580.074203,1000,3480.325848
1647.63478,1000,3481.276255
1654.128635,1000,3483.079031
1676.571079,1000,3484.052768
1568.002947,1000,3485.869168
1691.271144,1000,3486.813416
1582.32213,1000,3488.622066
1635.455541,1000,3489.581612
1581.76196,1000,3491.422159
1665.263187,1000,3492.375222
1621.049895,1000,3494.245879
1598.41348,1000,3495.229093
1636.165157,1000,3497.328263
1622.568536,1000,3498.373917
1593.05337,1000,3500.307148
1706.451271,1000,3501.296515
1668.99595,1000,3503.319551
1611.088882,1000,3504.308781
1621.721334,1000,3506.269467
1620.149039,1000,3507.336673
1657.850422,1000,3509.532663
1663.426472,1000,3510.612672
1569.950288,1000,3512.499513
1665.54304,1000,3513.446954
1606.14752,1000,3515.282097
1645.033429,1000,3516.261112
1568.259698,1000,3518.248186
1651.352341,1000,3519.238401
1631.8828,1000,3521.194771
1659.742337,1000,3522.187136
1638.45819,1000,3524.061052
1673.123231,1000,3525.009544
1622.942113,1000,3526.834535
1587.582335,1000,3527.889645
1649.738306,1000,3529.820869
1694.986031,1000,3530.802515
1657.537665,1000,3532.701723
1712.83957,1000,3533.654346
1680.078463,1000,3534.629382
1726.073217,1000,3536.422746
1659.213211,1000,3537.360236
1659.339663,1000,3539.190307
1734.687986,1000,3540.124683
1651.459804,1000,3541.97173
1700.364906,1000,3542.944709
1605.912742,1000,3544.978905
1668.242271,1000,3545.929474
1643.474483,1000,3547.785324
1651.03025,1000,3548.747939
1625.745164,1000,3550.760343
1693.531563,1000,3551.929722
1673.937606,1000,3554.024238
1700.292211,1000,3555.105198
1631.586723,1000,3557.253949
1652.5243,1000,3558.52102
1661.437508,1000,3560.522257
1725.118887,1000,3561.57289
1616.171568,1000,3563.790724
1636.753649,1000,3564.806504
1564.471647,1000,3566.830584
1664.746216,1000,3567.807574
1643.079826,1000,3569.745468
1607.922403,1000,3570.771071
1670.177846,1000,3572.723162
1657.193117,1000,3573.665206
1668.363904,1000,3575.579636
1674.12738,1000,3576.536902
1664.688183,1000,3578.476903
1662.143102,1000,3579.466317
1655.886352,1000,3581.480391
1696.884933,1000,3582.471616
1596.040005,1000,3584.441327
1687.369993,1000,3585.377629
1645.829843,1000,3587.198539
1665.716347,1000,3588.155641
1662.703893,1000,3590.099489
1652.502894,1000,3591.038454
1612.007315,1000,3592.827131
1720.726187,1000,3593.778293
1639.210277,1000,3595.661692
1632.54354,1000,3596.633733
1643.893171,1000,3597.578672
1636.310305,1000,3599.421297
1627.161073,1000,3600.384258
1623.331107,1000,3602.22916
1639.961564,1000,3603.160766
1657.476031,1000,3604.955194
1641.73419,1000,3605.908013
1613.277501,1000,3607.718685
1655.117244,1000,3608.676581
1702.311243,1000,3610.525172
1669.289,1000,3611.477927
1612.610883,1000,3613.323258
1724.098141,1000,3614.2697
1639.25222,1000,3616.105858
1690.213165,1000,3617.069583
1505.342127,1000,3618.925063
1681.68413,1000,3619.888489
1605.226303,1000,3621.719588
1690.121057,1000,3622.690203
1654.065055,1000,3624.568494
1686.814768,1000,3625.525283
