#{"t_start": 1524086290.5772145, "env_id": "Ant-v2"}
r,l,t
-191.759053,49,1.693229
-179.273259,47,1.754129
-294.651733,84,1.860278
-43.722054,13,1.876912
-132.26563,52,1.943592
-133.978562,35,1.988925
-71.346211,24,2.019946
-55.715264,17,2.041794
-34.450646,12,2.058134
-59.795955,13,2.075556
-2975.453746,1000,3.367984
-23.518723,13,3.384641
-144.721668,47,3.444187
-109.055634,46,3.503466
-55.057354,24,3.534499
-279.252296,78,3.633273
-345.03871,109,3.772105
-203.646305,62,3.850735
-46.118785,12,3.867004
-72.909137,26,3.90062
-92.474059,37,3.948104
-72.228504,31,3.987504
-50.249726,15,4.006759
-43.838,17,4.028497
-3087.65946,1000,6.218929
-63.665272,30,6.256836
-57.362039,16,6.278712
-97.096602,26,6.311892
-37.961334,11,6.32624
-100.049855,57,6.399734
-120.425718,44,6.45566
-75.792911,26,6.488388
-39.655105,11,6.50256
-42.092936,16,6.522971
-49.460766,17,6.544641
-204.619454,47,6.603961
-366.555666,127,6.764734
-388.594829,141,6.943932
-111.655034,39,6.993399
-118.935951,45,7.050375
-46.192242,20,7.07577
-95.465899,27,7.110629
-29.326311,20,7.136504
-84.116853,28,7.171831
-46.940303,14,7.189613
-95.437586,49,7.251923
-103.042527,30,7.289719
-212.15108,70,7.378096
-2764.708946,1000,9.591929
-428.120242,136,9.764364
-70.600707,24,9.794881
-122.229457,57,9.866528
-118.226183,43,9.922796
-142.107637,49,9.985436
-2809.698775,1000,11.333012
-128.687099,44,11.416064
-94.2492,33,12.428675
-70.508028,15,12.45018
-49.082807,14,12.4696
-100.205342,35,12.519625
-2570.466251,1000,13.968485
-229.086984,78,14.067322
-2649.799287,1000,16.27321
-100.303369,33,16.314891
-176.082665,55,16.384205
-63.831333,26,16.417205
-28.587241,12,16.432596
-118.557828,38,16.480381
-177.143704,65,16.561951
-31.259293,13,16.578344
-230.546389,91,16.693571
-331.08938,111,16.834595
-2684.981404,1000,18.115995
-69.550374,21,18.143034
-66.182414,20,18.169084
-536.738876,197,18.416749
-163.091579,72,18.507327
-154.40845,40,18.558899
-227.586356,109,18.695473
-248.610036,95,19.718301
-25.755535,11,19.732313
-72.769367,17,19.754935
-161.942323,76,19.851001
-97.098444,33,19.892426
-142.919357,75,19.987456
-67.463012,30,20.025265
-163.914233,53,20.094503
-81.923389,33,20.138553
-270.47458,70,20.227933
-55.453802,25,20.260152
-32.383764,11,20.274825
-110.965797,57,20.349167
-217.740023,72,20.442317
-37.155763,12,20.458051
-204.17984,61,20.536562
-48.048175,16,20.557839
-2682.432175,1000,21.842392
-165.104555,58,21.915953
-86.152139,49,21.979253
-27.543785,10,21.992297
-48.074704,17,22.013998
-70.201763,26,22.046829
-147.241244,46,22.104393
-580.598254,209,23.360416
-108.268959,40,23.41856
-214.641145,81,23.521338
-163.511671,64,23.603487
-268.016296,106,23.738937
-61.772637,23,23.768343
-154.783146,54,23.836923
-52.837512,16,23.857977
-61.084304,22,23.885997
-153.769599,71,23.978501
-59.021433,29,24.015265
-38.446961,13,24.031958
-94.036799,32,24.073022
-155.183728,58,24.148699
-90.517956,40,24.199826
-39.61396,12,24.215158
-262.58959,79,24.315548
-41.159902,23,24.344825
-142.716886,64,24.427761
-77.388588,27,24.462566
-48.867557,26,24.495723
-91.569587,34,24.539032
-112.088396,34,24.584036
-105.166832,50,24.647324
-89.352641,40,24.698509
-29.511204,17,24.72067
-90.775198,36,24.76622
-96.327307,28,24.802069
-413.879841,122,24.957382
-77.566087,30,24.996011
-27.918838,14,25.013906
-24.848026,12,25.029298
-104.544467,36,25.075691
-63.769501,24,25.107001
-49.433012,18,25.130454
-55.174997,29,25.170233
-109.813817,38,25.219036
-411.330223,132,25.386626
-36.717992,13,25.403396
-41.630336,17,25.42541
-2666.575541,1000,27.612338
-28.704434,12,27.627832
-60.038283,25,27.659641
-77.505469,39,27.709173
-123.225898,36,27.754667
-420.417225,140,27.932113
-118.440831,43,27.987141
-27.880789,15,28.006078
-136.512289,54,28.074574
-82.466797,32,28.115719
-95.379821,37,28.163172
-177.238165,60,28.239095
-138.684699,86,28.347988
-57.159656,24,28.378697
-141.467372,48,28.440936
-85.041796,30,28.479283
-17.375899,11,28.493515
-2522.616229,1000,30.746742
-2473.195498,1000,32.040183
-54.785013,26,32.073212
-2484.276756,1000,34.273174
-2479.515923,1000,35.568395
-266.400022,91,35.685402
-224.214011,88,35.79968
-32.978922,25,35.831227
-34.56711,18,35.854437
-55.949975,29,35.891453
-23.187183,15,35.910822
-115.359352,46,35.968955
-92.325608,48,36.030594
-359.674474,117,36.184201
-118.110296,41,36.236543
-99.853033,63,36.316384
-87.438259,31,36.356746
-190.771416,90,36.4712
-61.14221,26,36.504551
-238.072045,82,37.574307
-84.222623,32,37.615891
-303.047531,117,37.771254
-56.362528,19,37.795486
-63.211078,39,37.844813
-70.946661,38,37.893369
-141.099421,54,37.962678
-261.516446,103,38.094065
-110.107596,48,38.157197
-2538.919959,1000,39.463159
-54.550126,31,39.503243
-101.362037,31,39.543025
-200.143476,93,39.661823
-316.941589,143,39.843307
-199.209617,80,39.945706
-2342.405489,1000,42.14239
-80.026552,47,42.215701
-73.642345,42,42.279085
-39.159718,20,42.306809
-21.179046,14,42.32586
-26.790878,26,42.369625
-73.260079,36,42.418418
-111.153445,37,42.466044
-38.400294,19,42.490724
-27.45109,9,42.50242
-138.78493,48,42.563706
-183.164456,79,42.66413
-142.73933,64,42.74518
-43.177908,21,42.77193
-185.265868,88,42.883439
-46.858049,26,42.91714
-48.964833,20,42.943022
-32.47904,13,42.959798
-72.778982,34,43.003461
-180.244818,65,43.085811
-195.627276,97,43.210346
-64.914191,31,43.249536
-77.041075,55,43.319547
-29.833053,8,43.330105
-120.774576,58,43.404696
-332.374835,107,43.543212
-249.495251,97,43.666149
-50.810355,21,43.693035
-72.118119,33,43.734971
-82.119764,37,44.734673
-79.90646,45,44.79422
-2256.332848,1000,46.11039
-255.188572,100,46.238711
-33.804277,13,46.255528
-271.235343,167,46.469083
-48.124848,24,46.501648
-66.02648,33,46.545058
-156.565615,48,46.60705
-121.207487,90,46.722581
-442.983442,186,46.961442
-80.872329,39,47.010989
-90.815715,43,47.06622
-258.881881,92,47.187849
-38.012096,15,47.207536
-157.939094,76,47.308914
-529.808049,211,48.504253
-2374.305092,1000,49.791784
-143.736118,69,49.88022
-61.467195,22,49.909982
-37.430561,15,49.929548
-50.927253,24,49.960099
-230.571934,89,50.072455
-2316.91203,1000,52.32557
-41.008149,25,52.357645
-127.683493,55,52.428567
-129.008439,66,52.513238
-23.977154,25,52.545491
-32.869515,14,52.563729
-40.093841,17,52.585491
-201.162647,62,52.664965
-279.500415,86,52.774129
-63.804376,41,52.826075
-53.824264,20,52.851619
-85.6532,46,52.91111
-47.048881,24,52.94197
-116.595308,65,53.025467
-54.686314,28,53.061499
-96.528404,31,53.1013
-30.572417,14,53.121737
-288.858013,156,53.319109
-84.767303,54,53.38795
-245.170732,106,53.522928
-42.453691,33,53.564955
-37.964926,22,53.593352
-2178.259534,1000,55.793864
-88.191327,69,55.881119
-55.372542,19,55.905506
-51.299563,27,55.94028
-149.555217,69,56.027475
-336.293629,130,56.193552
-56.525259,36,56.239027
-40.180632,21,56.265868
-26.833073,13,56.282388
-233.872722,115,56.428236
-28.302893,13,56.445138
-28.121385,16,56.465471
-14.383853,18,56.488503
-310.663839,153,56.681757
-354.052991,133,56.849289
-128.910301,50,56.912833
-155.671024,40,56.963278
-26.478464,11,56.977471
-37.938539,15,56.996894
-146.756417,55,57.066663
-120.718795,38,57.118712
-48.388029,19,57.144092
-267.226582,101,57.276711
-43.819421,47,57.336219
-119.703308,48,57.397688
-130.942595,50,57.461944
-92.564138,52,57.527714
-254.75541,119,57.678082
-19.48325,9,57.689726
-59.157061,28,57.725393
-26.682316,14,57.743413
-129.770719,52,57.809512
-357.37246,148,57.998004
-34.136267,26,58.031022
-36.709738,24,58.061679
-37.761529,14,58.079642
-423.741135,168,59.252883
-322.080226,170,59.467883
-63.252168,25,59.499696
-2092.565242,1000,60.784048
-50.7126,24,60.81571
-86.833147,38,60.863865
-106.714604,54,60.932569
-29.56653,13,60.949287
-243.153863,78,61.047793
-52.880737,18,61.070685
-161.895853,72,61.163333
-84.641742,35,61.20795
-122.076433,51,61.272644
-51.611179,24,61.303429
-93.354551,33,61.345095
-130.434841,49,61.408421
-50.726358,31,61.449599
-124.324617,60,61.525654
-154.392246,83,61.630743
-189.263855,69,62.618229
-82.607834,62,62.697819
-2216.738936,1000,63.988737
-72.931591,31,64.028157
-66.583235,33,64.06967
-2158.705825,1000,66.338493
-169.476501,97,66.461485
-23.238933,10,66.474337
-50.384908,20,66.499739
-2102.636383,1000,67.785595
-352.84234,147,67.971904
-30.890894,13,67.988675
-25.508205,13,68.005532
-209.68082,115,68.155123
-94.003438,51,68.219853
-39.272994,15,68.238847
-235.328575,126,68.39736
-2130.594442,1000,70.587872
-34.729381,13,70.604418
-78.992396,26,70.637662
-29.16998,18,70.661012
-148.714033,63,70.740126
-2064.532496,1000,72.021913
-17.181767,8,72.032428
-146.257734,67,72.118299
-209.09329,91,72.233437
-153.045706,68,72.319106
-41.956464,15,72.338392
-37.799403,15,73.30909
-46.012829,41,73.361093
-34.20609,15,73.380401
-30.351817,22,73.414206
-82.214204,24,73.445702
-41.290614,23,73.474706
-296.439528,126,73.634638
-80.930343,31,73.67481
-36.741476,23,73.70365
-2051.597984,1000,74.992912
-82.437309,23,75.021875
-2019.336087,1000,77.237355
-76.284385,38,77.285395
-19.503905,15,77.304383
-190.352819,86,77.413586
-49.155676,30,77.45181
-93.36466,63,77.532465
-293.32247,180,77.758579
-40.056673,20,77.784022
-37.932073,16,77.804465
-41.980965,24,77.834839
-119.773,57,77.906091
-1940.617233,1000,79.191809
-421.812074,226,80.449668
-87.30246,51,80.516643
-54.498004,45,80.580704
-57.921045,24,80.611197
-76.697851,51,80.676169
-89.889981,26,80.709462
-143.277215,70,80.798494
-69.182493,33,80.84039
-2002.627756,1000,82.132749
-173.003866,67,82.217723
-76.186141,47,82.278527
-180.649195,90,82.392496
-60.845276,25,82.424829
-57.338842,47,82.484231
-10.653377,12,82.499977
-31.650149,30,82.537832
-102.147462,49,82.600533
-80.671653,43,82.655015
-149.267246,75,82.750008
-85.077422,41,82.801765
-88.371448,60,82.879502
-65.699658,31,82.91947
-51.173661,23,82.949061
-102.193018,50,83.012796
-114.652514,38,83.060711
-82.465631,37,84.016681
-49.870106,25,84.048145
-56.988626,47,84.109966
-55.958724,18,84.133158
-11.581764,16,84.153769
-10.860895,15,84.172941
-78.912346,50,84.236106
-48.859018,24,84.266871
-71.713072,24,84.297304
-179.719594,114,84.441735
-29.852755,14,84.459682
-1891.462798,1000,85.739826
-29.252124,16,85.760458
-22.059172,12,85.775721
-43.903519,22,85.803516
-78.060563,35,85.847844
-237.076674,100,85.97469
-93.367115,47,86.034242
-151.511442,58,86.108405
-221.211637,95,86.229131
-100.829692,53,86.296029
-1886.682492,1000,88.567276
-217.081232,95,88.689132
-152.085787,108,88.828909
-50.865013,29,88.866137
-67.966186,39,88.915989
-50.866536,36,88.962287
-53.885789,31,89.001884
-39.408209,18,89.024836
-43.134428,21,89.051363
-29.633032,17,89.07336
-1436.715065,738,90.024957
-115.207873,60,90.100946
-26.313454,16,90.124955
-60.860199,36,90.171676
-118.91458,42,90.225316
-122.494139,78,91.238119
-24.229369,14,91.256344
-107.403224,66,91.339784
-66.176455,22,91.368154
-104.754615,45,91.425784
-11.528375,19,91.449958
-1966.095284,1000,92.739105
-79.211845,37,92.785842
-51.530423,27,92.82004
-104.476824,40,92.870535
-53.580762,27,92.904882
-29.051382,16,92.925938
-277.994082,110,93.066669
-53.033941,30,93.104617
-91.736825,38,93.156762
-87.912897,51,93.223558
-173.999335,71,93.313052
-43.796407,33,93.355031
-55.849629,22,93.38294
-54.68036,35,93.427655
-1834.507241,1000,95.683854
-47.962464,24,95.714649
-98.157121,79,95.815021
-35.747254,16,95.835607
-14.107635,14,95.854594
-162.040386,104,95.988293
-43.614883,15,96.007633
-49.535081,18,96.030524
-108.293292,65,96.114082
-72.335607,36,96.160365
-16.203205,16,96.180912
-95.101406,52,96.24713
-230.287384,85,96.356763
-150.945481,76,96.45303
-85.193459,53,96.520508
-48.857791,20,96.546433
-150.415303,98,96.672242
-267.413335,161,96.87583
-78.457177,42,96.929396
-200.544209,85,97.037194
-29.334214,12,97.052618
-20.55776,17,97.074402
-23.612765,13,97.091146
-110.381138,63,97.17426
-1746.760398,1000,99.357066
-96.241095,57,99.429321
-43.392862,25,99.461111
-61.746592,57,99.533217
-59.414964,26,99.566297
-55.596267,22,99.594137
-59.395442,32,99.635292
-68.676041,52,99.701496
-44.762592,32,99.742332
-57.842275,24,99.773014
-42.603572,25,99.804794
-1835.127095,1000,102.047503
-147.627815,95,102.169107
-115.106596,50,102.232687
-54.960191,35,102.277431
-214.303348,104,102.410806
-85.531264,46,102.470413
-38.628466,15,102.489652
-65.340704,53,102.557515
-1712.126481,1000,103.845824
-1744.516118,1000,106.032362
-18.755509,27,106.066848
-1822.790494,1000,107.36578
-30.222669,22,107.393911
-2.695753,12,107.409457
-1573.913625,1000,109.663707
-176.852201,130,109.828605
-86.456112,33,109.870555
-104.362104,48,109.931908
-32.904697,20,109.957367
-17.258374,14,109.975498
-30.482115,22,110.003557
-24.637405,17,110.025304
-301.81473,165,110.238972
-69.693885,32,110.280371
-22.493027,18,110.303298
-214.026393,135,110.474376
-349.641516,180,110.701458
-24.904026,19,110.725748
-41.177529,21,110.752633
-22.71254,20,110.778091
-39.329936,31,110.817534
-235.912112,114,110.964921
-59.576789,41,111.017316
-121.066202,75,111.113012
-1563.755721,1000,113.304592
-106.349231,54,113.372924
-120.574766,65,113.455507
-249.825464,150,113.644431
-31.934493,21,113.671844
-143.117196,84,113.777549
-80.030628,39,113.82682
-428.901386,234,114.123627
-20.905442,11,114.137808
-88.462657,49,114.20133
-61.357047,29,114.238256
-14.452633,15,114.257358
-24.764948,17,114.279076
-42.629535,16,114.299506
-56.429138,25,114.330989
-105.909656,34,114.374173
-73.777548,35,114.418356
-1530.911787,1000,116.69264
-80.830162,35,116.737478
-36.273013,27,116.771948
-47.233877,19,116.79611
-57.003476,51,116.860422
-24.644452,13,116.876992
-12.756414,18,116.899929
-85.669407,39,116.95001
-39.149583,16,116.970534
-43.899279,29,117.007566
-12.390447,11,117.021585
-9.743348,8,117.031873
-152.226135,80,117.134588
-10.120587,17,117.156206
-21.35434,14,117.174771
-74.216677,78,117.27425
-45.32564,30,117.314428
-165.301079,78,117.414001
-87.175377,43,117.469302
-22.229005,16,117.489836
-127.362416,81,117.592924
-32.808312,59,117.667912
-104.869405,50,117.731431
-52.635487,36,117.777043
-91.307442,51,117.841582
-9.520532,13,117.858207
-26.034242,14,117.875929
-201.566644,103,118.008867
-36.773058,26,118.041927
-69.291292,55,118.11235
-32.726304,27,118.146751
-23.165426,13,118.166418
-129.390207,77,118.265766
-18.185388,18,118.288557
-61.72115,44,118.344904
-149.217164,75,118.439713
-53.50544,33,118.481825
-43.460267,36,118.528986
-246.717745,105,118.663185
-22.850692,22,118.691292
-55.101505,45,118.74818
-32.239681,33,119.700824
-57.107137,22,119.729186
-323.652004,189,119.967308
-83.701762,65,120.049406
-31.50337,22,120.07736
-44.252831,32,120.118668
-59.80219,54,120.187632
-36.31706,26,120.220447
-50.615228,33,120.262259
-105.729451,62,120.342204
-37.450489,56,120.41354
-18.535206,18,120.436486
-53.717951,22,120.464884
-45.960384,24,120.495193
-118.817602,106,120.629326
-64.372694,23,120.658616
-102.256318,52,120.724614
-130.539764,70,120.813166
-30.419126,13,120.829624
-53.357648,36,120.875221
-40.185253,33,120.919286
-26.65957,15,120.938971
-19.392995,17,120.961056
-68.6302,36,121.007201
-40.265432,52,121.073261
-40.061338,39,121.123446
-55.720455,26,121.156563
-100.230466,80,121.258271
-29.880852,20,121.283875
-92.225269,47,121.343221
-1539.968353,1000,123.614002
-64.6009,46,123.673448
-1590.540655,1000,124.968964
-298.679997,181,125.203063
-114.992459,96,125.324676
-48.375585,44,125.380606
-57.431802,20,125.406375
-132.232633,68,125.493292
-175.084907,126,125.653314
-40.411316,27,125.688549
-65.048559,36,125.736819
-59.567616,34,125.779918
-19.625144,12,125.79547
-193.585103,118,126.854218
-57.261006,23,126.883395
-78.588513,36,126.931053
-102.913743,50,126.99467
-52.632451,27,127.029158
-60.461132,35,127.073566
-106.871802,56,127.14604
-23.795582,15,127.16537
-119.08243,60,127.241282
-52.530618,31,127.280576
-150.473434,93,127.398256
-89.646172,52,127.464341
-139.916524,74,127.557421
-13.645524,17,127.578989
-22.238558,11,127.593159
-74.181986,34,127.636294
-51.195116,34,127.679752
-245.973532,125,127.837926
-1635.709729,1000,129.12173
-27.827113,22,129.149689
-30.041851,35,129.194492
-103.127985,46,129.252285
-23.799976,12,129.267668
-78.002372,54,129.336098
-124.321562,43,129.390375
-23.248151,35,129.435434
-16.87349,13,130.465537
-14.627811,17,130.487693
-53.514346,44,130.543611
-42.581516,30,130.588647
-41.876197,20,130.6152
-130.637129,73,130.708213
-49.075175,28,130.743807
-17.083132,25,130.775624
-93.309745,41,130.828055
-38.418431,17,130.849586
-59.247391,43,130.905536
-13.936985,14,130.924513
-49.334794,30,130.963862
-50.240499,33,131.007318
-17.860541,11,131.022778
-165.020066,77,131.130904
-133.698889,49,131.196969
-150.805677,96,131.328695
-205.337889,116,131.48526
-54.489065,30,131.523423
-42.164778,20,131.549422
-49.539808,29,131.588449
-42.812646,39,131.641016
-26.220759,15,131.660994
-34.354644,31,131.70383
-30.166678,14,131.721981
-29.349994,28,131.757503
-162.739669,97,131.885572
-65.296496,53,131.955106
-97.179611,53,132.030984
-23.037823,30,132.073112
-45.68434,24,132.109003
-67.035719,23,132.1421
-100.860907,54,132.221324
-62.904162,44,132.282313
-54.359805,28,132.320513
-50.263908,34,132.366214
-74.088944,56,132.441209
-19.465972,19,132.46643
-65.398634,88,132.588648
-133.404954,104,132.731575
-32.82746,21,132.759083
-130.110113,78,132.863559
-33.627381,17,132.886805
-48.471806,49,132.951986
-14.246757,20,132.978805
-50.284939,38,133.028533
-163.638105,107,133.171261
-46.605959,24,133.203126
-1433.791204,1000,135.449446
-66.374771,31,135.489236
-56.627316,38,135.537809
-198.11047,88,135.650995
-1392.422187,1000,138.170313
-24.653946,20,138.195783
-72.368009,54,138.264032
-1387.487862,1000,139.585796
-1309.571773,1000,141.924059
-111.426151,77,142.028035
-26.153524,18,142.052588
-32.993,32,142.095872
-66.422736,51,142.167715
-24.38502,13,142.185714
-196.384619,113,142.337449
-31.398255,24,142.369882
-127.317784,62,142.453693
-42.567232,29,142.493194
-56.975461,50,142.561315
-64.734004,39,142.614214
-30.956978,17,142.637203
-28.460962,12,142.653569
-55.76684,31,142.697485
-35.482168,53,142.770233
-33.972814,14,142.789791
-161.098421,79,142.896991
-39.416135,20,142.924196
-1300.632777,1000,144.328026
-206.958372,88,144.445888
-68.23782,47,144.508786
-44.621469,21,144.537033
-25.014899,15,144.557253
-69.538658,40,145.883075
-20.205,13,145.902881
-19.041039,18,145.930724
-1262.668939,1000,147.433459
-71.234211,28,147.472151
-8.437837,15,147.492801
-214.002216,109,147.642736
-64.759687,60,147.730568
-52.660957,42,147.788245
-51.952739,30,147.829026
-3.913247,13,147.846692
-121.712804,72,147.94719
-85.323854,45,148.009805
-91.562209,50,148.081836
-20.524849,25,148.118639
-9.833243,14,148.138968
-29.736959,22,148.171674
-17.728773,17,148.195852
-61.603435,62,148.285465
-34.995588,38,148.339913
-32.159188,27,148.378618
-73.750536,37,148.434195
-124.762554,58,148.520909
-59.578706,40,148.580558
-30.157645,12,148.598824
-66.77459,31,148.644717
-74.437265,26,148.68657
-117.514125,50,148.756801
-13.026162,11,148.772402
-36.147811,17,148.796367
-20.517632,15,148.818091
-43.315887,21,148.847669
-17.518131,12,148.864606
-53.995609,19,149.775731
-64.842803,31,149.817078
-13.644364,13,149.834713
-60.844022,36,149.882461
-43.901321,41,149.936887
-17.019916,14,149.955758
-37.095773,21,149.983696
-92.748759,68,150.073986
-99.894183,74,150.174428
-132.497537,61,150.255158
-126.457333,42,150.311136
-108.486094,68,150.402141
-11.761664,11,150.417093
-270.362121,195,150.676459
-83.110846,42,150.732293
-10.905881,16,150.75363
-23.316432,14,150.772271
-75.450671,82,150.880724
-35.345765,27,150.916552
-89.48881,49,150.981529
-1.889537,25,151.01471
-29.77892,19,151.040128
-4.242934,21,151.068265
-28.468011,22,151.09764
-216.548951,186,151.344995
-26.96083,12,151.361147
-18.623969,32,151.40362
-57.367048,30,151.443803
-26.902876,23,151.474209
-38.930233,29,151.512714
-31.94828,13,151.530156
-52.357294,39,151.581807
-19.609361,16,151.603079
-202.933377,101,151.738
-131.692571,71,151.831786
-44.655713,32,151.874721
-10.576051,19,151.900072
-64.684711,57,151.975408
-36.466147,33,152.019233
-37.159931,21,152.047313
-21.950858,45,152.107272
-35.091295,46,152.169815
-142.523558,110,152.315675
-1324.899932,1000,154.649445
-33.665721,14,154.669402
-11.596568,12,154.685474
-1235.084114,1000,156.033935
-1270.935398,1000,158.294945
-20.5872,11,158.309873
-51.49814,35,158.35644
-14.111902,13,158.373885
-88.8538,77,158.475716
-39.604949,16,158.497168
-58.026344,37,158.545933
-27.538839,15,158.56611
-67.093577,44,158.62453
-94.450948,59,158.704751
-17.463306,13,158.722073
-121.418373,60,158.801263
-124.95652,102,158.9355
-18.476809,11,158.950164
-22.712484,48,159.013457
-75.506958,42,159.06914
-73.88664,43,159.128594
-3.275207,12,159.144876
-6.69298,15,159.166973
-130.930759,71,159.262504
-188.582641,162,159.476948
-13.150968,25,159.510213
-58.853059,55,159.583664
-21.042375,11,159.598473
-151.722269,96,159.727647
-16.189384,12,159.743715
-17.562229,14,159.762393
-23.30917,19,159.787672
-30.384099,32,159.83013
-37.8591,25,159.86328
-20.327756,18,160.840111
-19.802679,13,160.85838
-19.37151,12,160.874663
-191.575076,116,161.029128
-30.965581,26,161.063697
-21.678291,15,161.083905
-43.087091,24,161.117033
-78.981389,42,161.173978
-165.706402,123,161.33743
-45.615479,66,161.424879
-63.013884,45,161.48465
-26.638506,28,161.522111
-1108.820318,1000,162.871949
-139.271625,80,162.978219
-23.668102,11,162.993124
-4.660327,46,163.054071
-36.859121,36,163.10215
-128.251554,82,163.213105
-38.434632,26,163.247531
-31.721828,42,163.30334
-133.470564,94,163.427961
-41.181638,29,163.466548
-67.572835,52,163.53511
-26.023058,32,163.577703
-49.709832,39,164.518605
-14.953989,11,164.533279
-89.578272,46,164.594499
-26.017619,20,164.621367
-59.947671,79,164.7269
-42.962973,25,164.759939
-29.116541,26,164.794647
-1216.42267,1000,166.20389
-39.714866,23,166.235607
-19.606106,12,166.2518
-23.167963,16,166.274752
-31.055717,60,166.356911
-2.181769,32,166.40964
-13.650613,12,166.427078
-91.540166,132,166.609672
-6.142904,19,166.635085
-174.60567,134,166.813429
-118.689274,51,166.881368
-126.126096,102,167.017334
-203.859914,165,167.239755
-49.825773,30,167.280354
-51.570274,37,168.452868
-21.901507,12,168.472023
-64.738862,54,168.584454
-22.81863,21,168.615327
-63.378252,48,168.69244
-1096.041185,1000,170.192353
-155.133021,108,170.344897
-31.200956,14,170.364916
-80.416306,73,170.478599
-33.994534,30,170.52032
-12.507162,17,170.544375
-83.8017,56,170.621798
-18.709745,26,170.65694
-31.023653,18,170.681338
-42.50543,35,170.729773
-25.067765,26,170.766169
-145.518873,70,170.865274
-93.979387,110,171.030091
-47.303446,42,171.087475
-101.831679,37,171.141776
-24.018849,23,171.173488
-87.238266,58,171.255921
-66.649656,38,171.309199
-77.935872,33,171.35589
-130.479577,93,172.4274
-63.208217,94,172.555347
-165.200935,81,172.670462
-27.982417,18,172.694409
-94.046422,65,172.779948
-40.003535,26,172.814376
15.920057,27,172.851133
-7.319978,31,172.89285
-1.755396,13,172.910315
-147.249021,111,173.059889
-14.185455,38,173.114429
-56.518701,27,173.154911
2.647266,48,173.222333
-12.603652,13,173.239989
-96.155295,93,173.368491
-27.340753,20,173.39534
-76.947881,42,173.453573
-44.135529,23,173.486492
-7.870507,21,173.516718
-9.444766,20,173.543917
-29.507848,28,173.583224
-70.775622,73,173.684847
-36.54033,57,173.760131
-86.888089,70,173.854505
-161.304448,119,174.021906
-160.72121,119,174.189386
-66.48934,66,174.283753
-85.569841,45,174.351192
-32.851687,34,174.39676
-30.994082,25,174.431103
-19.124683,37,174.488477
-15.133716,13,174.506262
-57.262837,56,174.580578
-28.457623,24,174.616265
-46.143507,24,174.654372
-5.682573,11,174.670271
-87.748393,54,174.744224
-25.490052,17,174.767727
-43.173379,32,174.81089
-277.541441,175,175.056592
-14.665221,15,175.078021
-208.60925,148,176.225489
-23.846212,23,176.25627
-31.907818,15,176.276575
-20.46176,39,176.335052
-123.004404,95,176.462463
-38.241478,18,176.486558
-20.566561,24,176.518729
-89.0703,57,176.594445
-41.441999,30,176.634777
-14.294256,39,176.686548
-32.227923,14,176.705344
-46.264795,32,176.747896
-98.246581,75,176.847405
-34.149782,21,176.875679
-10.557392,13,176.893015
-18.278962,28,176.930352
-1061.785647,1000,178.293403
-10.226478,16,178.315023
-127.923206,73,178.411388
-11.449636,23,178.442193
-37.157767,29,178.480625
-56.360855,63,178.566051
-58.095287,58,178.644772
-40.395724,42,178.700825
-205.036423,135,178.879873
-71.815182,56,178.954419
-93.473643,110,179.980052
-21.293699,24,180.011905
-33.181292,32,180.054181
-37.268125,30,180.093692
-255.690091,194,180.350643
-42.894963,35,180.397228
-13.311113,72,180.492316
-32.198022,16,180.51379
-19.377369,13,180.531222
-5.642067,16,180.552619
-62.966879,63,180.636044
-38.846645,32,180.67865
-31.207453,33,180.722398
-14.857642,13,180.739792
-19.955463,14,180.758235
-32.808952,25,180.791526
-31.067273,17,180.814189
-132.715396,91,180.93493
-91.540961,61,181.015862
-55.942944,39,181.067533
-15.719793,12,181.083524
-91.508754,50,181.15108
-69.593047,32,181.19353
-75.373392,61,181.273932
-50.187309,46,181.334965
-71.319327,51,181.402735
-172.794843,79,181.507547
-27.031821,16,181.528991
-29.701501,31,181.570338
-112.273908,107,181.711758
-6.54904,10,181.725186
-133.452468,105,181.863952
-10.636664,12,181.880005
-38.679625,53,181.94979
-69.014722,35,181.996322
-34.62721,40,182.049398
-88.059029,63,182.134453
-952.600177,1000,184.435331
-25.27133,24,184.467482
-79.226071,37,184.516458
-41.347947,27,184.552494
-22.828918,17,184.575208
-88.741259,78,184.679295
-22.90411,25,184.712279
-28.671443,19,184.737761
-60.554799,26,184.772336
-28.893542,23,184.803117
-16.862425,9,184.815315
-1.845252,14,184.834087
-14.088742,26,184.868719
-33.55407,43,184.926742
-25.273589,22,184.95795
-24.363814,28,184.997536
-36.732693,17,185.021571
-77.376049,105,185.168234
-33.490199,36,185.21711
-13.074441,28,185.255296
-19.438155,21,185.285397
-60.225265,34,185.333302
-938.06274,1000,187.869744
-229.13522,168,188.10254
-23.631213,14,188.12293
-24.096965,15,188.14298
-108.252562,86,188.257529
-55.033026,44,188.315854
-24.688845,27,188.351909
-47.197022,24,188.384073
-94.031929,130,188.556367
-81.17257,63,188.640294
-105.293202,84,188.751195
-18.475391,27,188.787813
-33.579156,23,188.819222
-26.844344,41,188.874076
-109.133046,45,188.934005
-49.426765,47,188.996394
-33.966992,18,189.02053
-125.673002,123,189.186444
-55.746754,32,189.2319
-24.265833,18,189.256053
-23.496433,32,189.298887
-114.581378,81,189.405956
-26.286653,29,189.444847
-13.313495,13,189.462339
-41.531544,48,189.526284
-15.188102,13,189.543835
-43.131292,34,189.589306
-13.309885,12,189.605443
-22.20924,14,189.624148
-101.593362,58,189.701234
-17.717577,42,189.756876
-35.835252,32,189.799582
-39.073978,33,189.843624
-20.328426,10,189.857059
-61.094646,37,189.906376
-19.146717,16,189.927946
-34.280923,59,190.006309
-63.376318,37,190.055668
-61.53158,76,190.157476
-55.324673,59,190.235893
-9.632618,21,191.24548
-88.270176,65,191.33326
-99.854853,81,191.440906
-984.885264,1000,192.790973
-31.61258,45,192.851103
-30.939431,20,192.877786
-39.455686,37,192.927194
-11.882444,12,192.943442
-16.98853,36,192.991436
-49.701822,68,193.085463
-65.870834,49,193.153202
-37.114505,42,193.210347
-36.353123,17,193.233378
-32.567748,14,193.252605
-25.196484,46,193.313963
-19.093705,21,193.341941
-47.043154,37,193.391331
-30.60345,56,193.466076
-19.91241,16,193.487621
6.43307,22,193.517132
-39.207624,24,193.549371
-20.072711,15,193.569654
-18.805681,21,193.597842
-14.766317,44,193.656308
-29.129781,20,193.683137
-7.252651,28,193.720539
-19.280186,21,193.748734
-36.313861,43,193.805852
-10.614478,10,193.819422
-10.228298,16,193.840722
-60.346973,33,193.884772
-73.286652,57,193.960799
-11.346715,12,193.976966
-147.700445,129,195.073654
-36.261926,14,195.092518
-75.493509,34,195.144168
-15.116175,14,195.164541
-15.449436,14,195.18422
-82.208362,72,195.281523
-13.080682,33,195.325734
-18.756543,23,195.356546
-36.271252,27,195.392416
-45.047539,22,195.421529
-80.167124,45,195.483746
-14.532726,13,195.501697
-23.051621,40,195.557796
-10.85281,14,195.576813
-9.226671,24,195.608951
-16.045301,17,195.631662
-10.437519,15,195.653185
-133.268791,90,195.778991
-50.104457,34,195.825571
-179.102109,199,196.090901
-127.364714,72,196.193867
-15.806544,39,196.24562
1.107447,15,196.265959
-13.985741,13,196.283336
-11.710095,33,196.332838
-24.605927,38,196.393395
-114.903591,91,196.542724
-50.918272,34,196.597081
-8.913689,80,196.726666
-65.136482,59,196.820078
-80.849977,44,196.890723
-38.947791,27,196.933337
-116.443355,65,197.037278
-18.628571,21,197.070686
-38.281431,16,197.095131
-49.705683,46,197.170108
-65.210837,75,197.290408
-39.709247,20,197.322831
-23.478309,36,197.379531
-30.752828,34,197.428599
-16.651796,35,197.475436
-26.784511,24,197.507315
-5.619365,26,197.541836
-234.855701,153,197.74499
-26.11388,42,197.800922
-29.430318,15,197.821138
-0.659567,44,198.863937
-54.403204,57,198.940759
-297.166159,228,199.253356
-11.343637,16,199.27472
-149.209712,137,199.458299
-16.344533,63,199.542735
-12.445963,23,199.573585
-58.972069,56,199.648503
-23.688063,15,199.668653
-27.681011,48,199.732688
-150.234571,84,199.844203
-54.747335,66,199.932259
-209.904476,141,200.122442
-21.101285,14,200.141264
-13.60192,22,200.171067
-44.44577,39,200.223406
-24.243185,21,200.25179
-20.94443,17,200.274715
-877.07631,1000,202.684444
-10.007489,13,202.702627
-19.430805,12,202.719208
-27.340502,20,202.746042
-53.893929,48,202.810073
-106.738651,77,202.912105
-42.338165,49,202.977172
-42.384916,29,203.015907
-41.077443,60,203.095537
-14.431943,11,203.111785
-861.254978,1000,204.470474
-9.5834,17,204.493355
-41.643318,45,204.553484
-3.234652,20,204.580233
-52.840171,43,204.638932
-45.170052,34,204.684373
-23.759404,16,204.705953
-14.990332,16,204.727397
-24.432824,20,204.754278
-14.177085,16,204.775667
-73.916545,46,204.83663
-19.917818,14,204.855254
-27.25045,15,204.875384
-18.121103,76,204.975637
-21.479442,15,204.995728
-54.289821,34,205.040966
-2.46852,14,205.05966
-19.306571,13,205.077134
-79.521646,80,205.186395
-16.772267,19,205.21175
-4.357769,39,205.263684
-7.152529,16,205.285047
-35.825576,68,205.374888
-78.290741,39,206.401994
-15.332441,30,206.442392
-125.908949,118,206.601123
-29.577671,50,206.667547
-21.03955,27,206.703692
-40.355529,47,206.76633
-95.565701,58,206.843391
-19.824837,36,206.891558
-21.31226,13,206.908918
-18.635109,18,206.933082
-20.710047,26,206.967955
-48.867213,56,207.042712
-7.424495,11,207.057646
-13.023245,20,207.084432
-74.473575,71,207.18182
-55.25873,45,207.244811
-27.228564,29,207.283821
-20.67765,33,207.327769
-24.059539,23,207.358488
-41.353033,33,207.402866
-12.462603,10,207.416427
-24.697996,12,207.432626
-11.805123,8,207.44344
-63.192556,46,207.504896
-44.767298,36,207.553012
-81.906918,50,207.619886
-185.167097,95,207.74648
-18.531845,20,207.773554
-49.566103,29,207.812325
-56.815342,45,207.872303
-48.218299,83,207.982996
-18.372703,27,208.018975
-29.983968,28,208.056331
-51.423686,69,208.149099
-20.337869,12,208.165302
-51.729481,45,208.225366
-72.708547,75,208.325132
-16.417402,19,208.350752
-25.349961,34,208.396306
-51.246055,31,208.437533
-83.535973,77,208.539994
-16.026246,14,208.558724
-17.058894,12,208.574865
-12.729727,28,208.612291
-9.498226,12,208.628739
-76.828833,105,208.768194
-17.922589,13,208.78578
-19.094742,11,208.800622
-4.098054,11,208.815417
-46.593908,22,208.844915
-74.547445,64,208.929858
-41.348065,18,208.954152
-228.957234,117,209.110912
-24.311764,20,209.138182
-46.347441,58,210.142303
-13.247557,17,210.165267
-21.578688,14,210.184086
-70.887408,79,210.289907
-5.24076,12,210.307347
-4.7672,11,210.323065
-16.236746,16,210.346164
-89.926569,42,210.406134
-18.359849,12,210.423306
-9.270973,23,210.455427
-14.624612,13,210.47303
-46.935788,40,210.527309
-31.13923,55,210.602268
-21.792628,15,210.622572
-7.448571,10,210.636092
-18.652981,20,210.662853
-23.747179,15,210.683292
-28.8025,41,210.738365
-55.568181,27,210.77552
-42.539999,30,210.81666
-108.689554,57,210.893035
-9.009613,28,210.932673
-31.902435,35,210.98435
-3.543018,29,211.025913
-23.622583,23,211.06243
-829.968789,1000,212.512614
-7.19542,14,212.531839
-203.238721,142,212.722175
-95.824255,71,212.81774
-28.440702,16,212.839411
-6.651938,41,212.894134
-18.415423,16,212.915598
-138.808588,91,214.018613
-67.190157,31,214.066833
-917.867856,1000,215.430659
-35.933201,48,215.495052
-26.396025,16,215.516823
-836.072493,1000,217.796491
-5.442294,14,217.815362
-13.286546,13,217.832946
-66.636583,42,217.889013
-80.626138,51,217.956951
-3.870234,14,217.975763
-9.021739,11,217.990528
-31.55177,19,218.015972
-46.575288,29,218.054629
-762.790791,1000,219.411218
-831.448051,1000,221.764586
-78.78472,77,221.867922
-14.965103,47,221.931531
-27.402958,26,221.966752
-66.874148,70,222.060359
-166.501312,144,222.256545
-109.986478,123,222.423756
-30.092733,32,222.466559
-71.960539,108,222.612667
-24.740133,16,222.634425
-26.791474,71,222.72979
-14.425577,11,222.744816
-738.812964,1000,224.164348
-34.533742,21,224.192855
-19.336674,18,224.217115
-11.075476,11,224.232227
-66.094113,49,225.294267
-14.450048,11,225.309659
-31.113014,48,225.374407
-6.347608,12,225.390494
-49.984924,45,225.450566
-176.286943,162,225.667351
-57.256729,57,225.743334
-29.797802,25,225.776838
-24.905825,19,225.802378
-106.381605,96,225.93048
-10.961347,30,225.970662
-67.423498,51,226.038997
-73.432307,66,226.128699
-40.814469,37,226.17849
-7.967794,14,226.197303
-58.579914,76,226.298893
26.849578,31,226.340433
-19.900412,40,226.393866
-24.554026,34,226.439623
-9.353045,13,226.457072
-5.669057,18,226.481175
-862.174805,1000,227.840465
-16.480177,12,227.856838
-73.416481,86,227.971756
-4.33139,12,227.987978
-40.862,30,229.032432
-21.545219,32,229.07556
-4.789803,34,229.123425
-60.064194,50,229.190897
-60.669335,72,229.287417
-9.48413,12,229.303673
-12.204307,11,229.31856
-128.416618,175,229.555861
-15.91371,22,229.58541
-29.383269,24,229.617846
-19.150559,28,229.655292
-92.983942,200,229.92266
-8.737736,18,229.946983
-8.401323,10,229.960738
-26.871857,52,230.030247
-97.661644,63,230.116222
-9.544363,15,230.136665
-27.229029,13,230.154449
-16.149827,17,230.177474
-38.179471,34,230.223105
-63.907056,47,230.286904
-54.66427,59,230.366198
-7.288791,12,230.382579
-6.774259,9,230.394934
-719.352261,1000,231.752371
-13.944624,39,232.721383
-11.393895,12,232.737656
-675.825818,1000,234.097707
15.37342,25,234.133595
19.49586,29,234.17319
-33.227099,18,234.198141
-5.931387,14,234.222539
-16.212913,12,234.24172
-651.155889,1000,236.728337
-7.085718,49,236.810329
-6.162626,44,236.882101
-100.826632,55,236.970717
-21.393769,11,236.987682
-22.199167,13,237.006175
-13.524781,17,237.029387
-57.853775,49,237.095422
-4.311628,11,237.111739
-31.869228,36,237.160754
1.69507,23,237.191543
-40.537046,35,237.238309
-10.804695,33,237.282613
-21.929631,11,237.297562
-31.717534,27,237.333857
-65.599633,42,237.390229
-103.959095,132,237.576119
-693.927095,1000,239.029048
21.393797,49,239.097413
-47.280772,52,239.172333
-53.464238,36,239.223132
-15.352141,20,239.251647
-111.471552,225,239.562156
-46.967533,35,240.54254
-643.904198,1000,241.941012
-7.394755,19,241.966847
-24.093138,13,241.98452
-99.679047,105,242.130275
-17.163131,12,242.14655
-2.654168,24,242.178766
-669.202917,1000,244.626137
-16.969744,99,244.760829
-10.03125,18,244.785451
-18.844003,41,244.84077
-4.161214,46,244.903539
-551.728852,1000,246.326252
-18.09745,67,246.453665
-379.377988,630,248.454177
-12.318006,14,248.473765
3.892267,23,248.505053
-27.005045,24,248.53742
-18.091247,96,248.665966
-6.568561,13,248.684024
-33.687156,37,248.734729
-6.624166,11,248.749788
-93.86923,83,248.862718
-64.269003,47,248.929007
-22.602062,26,248.965595
-13.384503,38,249.019741
-49.459455,50,249.090237
-8.44085,61,249.176762
-25.28525,21,249.205854
-16.109612,22,249.237539
-196.520561,147,249.436067
-580.716685,1000,250.815924
7.519616,25,250.850343
-16.906618,13,250.867613
-41.61915,31,250.910115
-118.211328,79,251.020808
-76.9315,57,251.09768
-41.42274,41,251.156804
-13.835543,11,251.171761
-35.685376,32,251.216077
-17.854352,16,251.238387
8.815084,47,252.300018
-21.769845,26,252.33616
-5.964801,137,252.5284
-9.545781,37,252.579669
-5.972209,10,252.594089
-11.228247,29,252.634531
-6.872918,15,252.65557
-6.043681,12,252.673225
-20.876334,20,252.70088
-31.700361,42,252.758476
-8.670265,25,252.791921
-31.446001,37,252.84138
-31.054627,62,252.924325
-232.534414,173,253.15956
-69.484318,87,253.280426
-19.27239,13,253.298948
-1.502699,15,253.319522
-4.545485,27,253.357373
-16.387062,12,253.374727
-46.35751,32,253.417952
-7.718696,14,253.437911
-675.738232,1000,254.818241
-19.758507,20,254.845319
-9.552654,13,254.862936
-37.432144,25,254.897463
-76.057247,67,254.988738
-46.159472,40,255.043989
-20.119657,23,255.075992
-49.466823,41,256.362653
1.216947,87,256.489578
-444.640364,1000,258.01433
-15.318593,22,258.045185
-33.00701,51,258.115652
-21.337712,56,258.190567
-56.089746,55,258.284979
-17.41498,57,258.388118
10.085996,28,258.432084
-29.704574,120,258.598249
-616.163542,1000,261.641694
-32.497299,58,261.73263
-22.732379,24,261.775161
-111.090847,124,261.968338
-12.287412,37,262.017056
-28.680681,25,262.0512
-1.607569,37,262.1005
-492.448153,1000,263.636913
-15.722682,39,263.689377
-41.438247,55,263.783519
2.301501,19,263.815741
-23.6005,17,263.841718
-97.765649,117,263.998809
-27.955746,52,264.957029
-1.056213,13,264.974433
-7.650424,23,265.004857
-32.661564,48,265.068102
-2.975925,12,265.084227
-41.015283,58,265.164405
-4.753802,37,265.213276
-35.191474,41,265.267617
-20.290513,70,265.359891
-514.223401,1000,266.709061
-6.41797,11,266.723882
-83.338783,82,266.832371
-5.881689,23,266.862876
-5.167401,14,266.881463
-74.191115,150,267.07995
-17.734994,63,267.165355
2.339362,11,267.18011
-214.062762,470,268.766936
-553.624889,1000,270.279053
-8.721864,12,270.295379
-475.861863,1000,272.548005
-14.545018,47,272.611337
-12.358556,11,272.626201
-9.585662,12,272.642585
1.563231,18,272.667122
-445.309701,1000,274.071887
-3.244431,12,274.088329
11.383189,46,274.153945
-442.805985,1000,276.534584
-46.078374,78,276.643084
5.675734,14,276.663412
-417.478743,1000,278.073243
-3.115578,38,278.125383
-35.486242,79,278.231082
-21.304562,42,278.287747
-33.914056,75,278.387571
-38.99993,34,278.434012
-27.051031,64,278.519787
-113.03041,118,278.685633
-387.923122,1000,280.991321
10.760652,16,281.014656
-25.615073,47,281.08026
-57.325308,58,281.160109
-21.461356,24,281.192518
-413.369438,1000,282.724909
-11.889637,35,282.771202
-8.646655,39,282.822783
-18.542349,15,282.842607
-52.335481,53,282.912705
-5.273875,16,282.933948
-25.582871,42,282.990823
-20.741005,20,283.018253
-388.415504,1000,285.371573
-43.594827,64,285.474882
-43.772704,48,285.540113
-6.736059,47,285.603372
-5.519326,17,285.62659
-0.239665,16,285.657499
-22.013478,13,285.680196
-6.484895,13,285.704278
-23.681193,84,285.839395
-40.34935,86,285.959064
-103.58389,111,286.14349
-0.242303,11,286.162101
-71.195273,107,286.312707
-33.944173,38,286.363956
-4.836176,47,286.428183
-12.167287,135,286.657127
1.845082,75,286.773472
-14.215635,13,286.791038
-20.347994,101,286.924431
-27.891116,77,288.029438
-22.209154,132,288.206653
-74.828484,87,288.322931
-21.658447,14,288.341727
-29.962052,25,288.375051
-16.603511,31,288.416281
-291.248465,1000,289.767435
2.737052,13,289.785005
-313.543938,1000,292.092546
-36.004758,44,292.153069
-267.406523,1000,293.506624
-33.516655,50,293.5739
-34.209132,51,293.64223
-32.595894,33,293.686546
-22.066275,40,293.740128
-93.123231,73,293.837736
-5.92517,17,293.860536
-59.230173,94,293.985543
0.093831,56,294.060131
-33.949928,54,294.133501
-19.489399,59,294.212544
-51.455557,77,294.31465
-53.388285,51,294.382883
-5.224576,13,294.400445
-60.78428,84,295.488082
-82.192142,57,295.563242
-23.638339,41,295.617131
-25.164531,20,295.643646
-20.66148,47,295.706503
-18.551886,22,295.735525
-217.361008,1000,297.113296
-2.822809,12,297.129346
-22.988842,87,297.243725
-41.537974,58,297.319897
-5.078097,12,297.335804
-54.392446,147,297.573874
-14.344651,15,297.594155
-7.601269,61,297.674642
-27.368287,25,297.707594
-249.918542,1000,300.021024
-20.103555,43,300.077876
-16.004116,107,300.220927
-14.661456,19,300.246687
-11.125264,16,300.268099
-19.44341,22,300.297352
-327.915445,1000,301.644415
-11.966782,12,301.660599
-4.253515,60,301.73976
-201.898734,1000,304.007665
-39.748771,28,304.044746
-236.495936,1000,305.394685
-3.717996,11,305.409461
1.123823,25,305.442786
-175.439014,1000,307.784204
-22.831883,53,307.854716
-4.367349,11,307.869582
-192.945812,1000,309.226111
-2.053624,21,309.254168
-171.239836,1000,311.515258
14.356241,25,311.54877
-120.97562,1000,312.893306
-179.901169,1000,315.238966
-30.332289,60,315.318346
-15.976495,44,315.37682
-2.036218,28,315.413925
-15.811471,28,315.451005
0.728572,16,315.472589
-31.666855,81,315.579501
7.26383,24,315.611661
-2.896794,16,315.633132
-24.811095,13,315.650635
-0.925,10,315.66413
10.100324,40,315.717136
0.338526,25,315.750295
-24.655952,34,315.795509
24.556547,34,315.840415
-73.115557,145,316.0323
-42.019586,46,316.093664
-7.594601,21,316.123639
-8.716447,12,316.14044
-15.351773,33,316.185059
-141.110348,1000,318.717599
-28.05988,56,318.809089
-176.194979,1000,320.316549
-21.599286,42,320.373025
-114.89915,83,320.484766
-47.390522,1000,322.872985
-4.382317,51,322.941156
-74.611149,1000,324.324466
-20.793641,44,324.384929
-122.550878,1000,326.671087
24.181737,39,326.723831
-23.289873,60,326.805942
-8.633387,38,326.858461
-20.244584,18,326.882652
-51.150111,136,327.066056
-52.733694,1000,328.450864
-23.154918,34,328.497833
-7.920432,59,329.556492
-18.462943,59,329.635447
27.656551,51,329.714585
-80.415082,1000,331.104021
-88.492125,1000,333.386178
7.675607,60,333.466899
14.119583,24,333.498741
-6.250745,66,333.586394
16.434817,40,333.639482
-27.899411,1000,335.00411
-1.603286,55,335.076767
-10.204172,30,335.119663
-14.378313,39,335.172861
-4.129645,78,335.281185
-12.500051,30,335.321995
-18.157175,1000,337.67905
23.693364,127,337.852933
32.838475,42,337.911119
-88.474148,1000,339.277684
-21.266619,74,339.377513
-10.756277,13,339.39594
-6.000321,19,339.422174
8.687736,24,339.45571
5.312873,20,339.48284
-1.1713,17,339.505477
-18.16479,91,339.625713
-46.048594,77,339.727309
90.482079,1000,342.008148
-19.21471,62,342.09042
13.039309,13,342.109914
4.524274,33,342.154519
-2.575965,63,342.240923
3.532075,35,342.289391
-71.621964,73,342.392003
-6.095788,19,342.420363
-25.978374,1000,344.776972
-9.990896,12,344.795042
-1.787275,16,344.819453
109.120103,1000,346.378007
-6.080041,13,346.398339
-1.930162,14,346.417486
-12.230041,22,346.447293
-5.675917,11,346.462312
6.547154,32,346.508467
15.691119,133,346.725025
-12.28499,52,346.808987
-3.458219,14,346.833766
-39.007628,98,346.991836
-16.438809,16,347.016536
-1.892209,13,347.035434
-24.951321,110,347.194695
-30.062469,64,347.286976
-18.624371,47,347.353806
-7.843687,21,347.383207
0.199825,113,347.546186
-55.576787,47,347.613119
37.012681,114,348.813587
-28.914659,49,348.8875
-4.881156,165,349.116354
-6.07698,36,349.179205
5.058557,15,349.20875
75.046874,1000,350.614114
77.608282,1000,353.328203
7.428276,14,353.352653
-39.897783,92,353.518904
-14.743,35,353.585526
4.502506,30,353.636149
2.885632,15,353.666266
9.734848,16,353.69391
-10.934136,22,353.733672
-7.053503,15,353.755894
25.668947,79,353.897717
-0.839756,30,353.950193
-32.722613,118,354.148864
-24.059984,61,354.260016
22.236791,86,354.376824
-0.735011,15,354.398079
-4.622988,26,354.435652
-2.781579,13,354.456272
75.741816,1000,355.951724
-27.289841,51,356.022177
-11.021306,22,356.054017
6.522831,94,357.120985
7.23971,64,357.208969
-0.68352,21,357.23822
3.499047,15,357.258939
11.241062,34,357.305621
-20.998157,66,357.394788
3.048224,28,357.43253
-9.05438,28,357.470298
31.55994,55,357.543729
94.975802,1000,358.916449
99.349119,1000,361.283437
100.429677,1000,362.647765
-24.327549,17,362.671003
16.069419,139,362.858086
-6.786496,14,362.877124
1.236921,14,362.896136
-45.568947,98,363.027452
21.052427,38,363.078744
-1.590852,78,363.187218
13.159611,129,363.360823
0.137967,19,363.38658
-4.019081,16,363.408348
-21.764992,80,363.515787
-13.832833,41,363.571092
6.379349,30,364.533756
17.407977,26,364.568586
-2.812064,17,364.591698
-53.089034,219,364.883091
-0.674192,35,364.930032
-3.445226,42,364.98577
-8.277395,41,365.040425
0.088455,29,365.079157
10.703589,48,365.145571
-6.835352,24,365.177824
-11.786785,13,365.195263
1.747375,32,365.237976
97.443941,189,365.490114
14.924439,34,365.535457
-26.800118,47,365.598396
-13.875461,74,365.697314
13.904702,14,365.716143
-5.400489,88,365.834019
15.575588,32,365.877156
12.739015,35,365.924106
6.726502,16,365.945825
-18.291193,34,365.991334
-8.665468,13,366.008866
133.638982,1000,368.357426
-21.19622,98,368.487801
177.767598,1000,369.837916
-7.930603,19,369.865941
-15.67281,77,369.975971
7.739845,13,369.994565
-9.048816,191,370.255847
-6.195003,13,370.273522
0.23126,24,370.30547
9.149466,15,370.325477
6.241654,13,370.342972
157.124284,1000,372.60573
12.459553,36,372.653817
0.383589,52,372.722878
-11.682645,47,372.785773
-26.881002,131,372.959059
154.997257,1000,374.300654
14.832572,44,374.358973
-8.176127,28,374.396131
43.576949,35,374.442681
79.045541,222,375.720983
4.063818,200,375.985327
13.793164,178,376.223443
-14.69461,78,376.327161
-7.685602,15,376.347253
-19.38234,33,376.39166
0.382102,15,376.411788
14.395679,10,376.425246
175.279377,1000,377.768322
157.13867,1000,380.032822
175.980252,1000,381.385963
-39.244236,135,381.579324
45.827183,107,381.725785
10.456289,31,381.76736
9.435668,63,381.850627
-5.256057,16,381.872007
-21.648799,61,381.952929
16.874961,31,381.994209
-5.325664,20,382.020974
3.542017,13,382.038414
-2.865254,13,382.055984
-0.391393,15,382.076053
28.89904,25,382.110295
-1.655057,8,382.121438
5.145588,34,383.153039
183.390465,1000,384.50133
-8.850227,25,384.534769
-1.340384,8,384.545752
7.476147,226,384.845644
17.920489,39,384.897636
67.13749,125,385.062829
-3.608285,42,385.119989
-7.260756,53,385.190641
-1.648582,12,385.206651
4.575971,14,385.225184
-1.686515,36,385.272646
52.513874,31,385.313701
4.848232,55,385.38674
243.414084,1000,387.675633
19.652197,84,387.786842
2.232701,13,387.804328
-3.059011,47,387.866935
-36.030631,83,388.025094
215.954766,1000,389.444854
235.93901,1000,391.775296
2.437156,27,391.811097
1.933032,14,391.829811
243.304147,1000,393.176613
-2.615647,28,393.214165
-0.659668,14,393.232957
-28.514633,129,393.403777
-20.152234,102,394.456786
56.220549,112,394.604994
202.77259,1000,395.945054
25.712501,56,396.019496
-14.904411,101,396.154736
-7.953856,26,396.189438
12.369602,347,396.72157
-5.783603,78,396.828861
11.619889,63,396.915523
121.921616,115,397.133675
28.830795,104,398.255274
6.483703,13,398.272716
61.133646,310,398.682333
206.514119,1000,400.033712
-5.671283,47,400.096046
8.230716,131,400.272031
20.224868,49,400.336833
254.758534,1000,402.59662
357.208229,1000,403.938634
-11.09693,48,404.00224
257.949921,1000,406.357222
230.228649,1000,407.70199
-15.3343,189,407.952218
11.897703,18,407.976233
-0.427249,14,407.99505
27.866642,70,408.087485
39.064948,84,408.200244
2.089572,33,408.244395
15.20853,76,408.344579
0.257994,26,409.302537
7.619622,89,409.419365
318.028652,1000,410.834788
8.586547,86,410.949194
-7.997017,59,411.027354
67.248124,88,411.146109
-16.598626,57,411.221549
2.680014,21,411.249473
36.975958,63,411.333056
3.687994,13,411.350554
0.966353,14,411.369369
1.801761,12,411.385488
42.277031,74,411.483444
-4.82157,60,411.563091
25.778758,32,411.605666
118.587582,662,413.562766
15.185309,30,413.604637
6.798568,29,413.64389
42.147114,149,413.851295
211.59025,1000,415.256319
17.972859,46,415.322707
11.965743,40,415.376375
0.738958,19,415.401987
60.189427,116,415.558428
309.391077,1000,417.869992
28.789847,41,417.924688
-0.734217,60,418.006434
-13.178575,229,418.329916
-0.991845,29,418.371048
3.84517,18,418.395044
-19.160204,36,418.442809
-9.843531,25,418.475967
-2.180409,62,418.558419
11.809587,29,418.596884
4.863052,52,418.666409
5.694323,42,418.722497
2.497865,63,418.806862
-19.449378,112,418.9588
104.648816,160,419.181082
-1.06703,13,419.203452
25.038283,108,419.405083
-0.908075,13,419.42266
10.00955,83,419.535209
52.018582,148,419.734155
7.144293,34,419.779069
30.809077,76,420.892204
317.620114,1000,422.278459
1.89927,67,422.367007
-6.32403,27,422.404594
-11.729209,16,422.425999
287.89389,1000,424.713662
344.43989,1000,426.084005
11.705177,15,426.104074
21.102747,78,426.213899
1.101602,29,426.254412
-2.029577,14,426.273129
11.580768,21,426.30127
-7.018544,30,426.341178
16.022714,139,426.531266
9.084129,16,426.554275
387.994197,1000,428.997544
346.529243,1000,430.409482
19.129116,60,430.516848
308.1323,1000,432.984231
83.459323,188,433.240841
22.8469,77,433.347694
-15.576167,33,433.394062
-9.89173,36,433.44365
354.993348,1000,434.811016
1.057802,13,434.828866
-1.006091,15,434.848815
-81.224463,332,436.32614
31.884221,48,436.389829
7.458716,18,436.41367
65.377119,353,436.901133
46.485496,303,437.313299
11.878089,26,437.349615
7.432273,42,437.408208
407.859887,1000,438.830725
6.151976,109,438.978168
55.194087,231,440.208597
12.820879,49,440.274892
19.838568,67,440.365407
389.634737,1000,441.74691
43.236414,196,442.011149
51.608446,186,442.26791
327.612047,1000,444.657286
41.2575,66,444.748722
14.805799,16,444.770953
0.2853,16,444.793149
9.225892,18,444.818239
344.445279,1000,446.236345
62.866207,65,446.32401
5.602944,155,446.540455
4.023803,145,447.707934
-28.837604,59,447.787877
51.849217,114,447.944497
22.6964,160,448.163006
19.041158,57,448.239248
63.511442,112,448.388604
1.858004,37,448.437792
-2.852829,20,448.465653
2.356311,31,448.508996
-15.541664,79,448.619577
0.310214,82,448.731128
16.920702,32,448.773869
13.217772,15,448.794773
11.446916,38,448.845558
31.676908,45,448.908309
334.503796,1000,450.304596
28.683323,122,450.476932
54.497988,47,451.534766
121.071902,91,451.660404
17.239519,67,451.753164
-26.444058,51,451.824897
14.203224,71,451.921987
49.161938,85,452.038654
27.004371,113,452.199488
60.645823,134,452.388932
0.918035,18,452.417779
45.902096,112,452.568378
55.665917,97,452.704259
13.195409,32,452.751024
19.852128,42,452.811476
52.840424,117,452.985762
2.017256,13,453.005979
2.740199,102,453.15218
11.182013,21,453.181376
10.403296,83,453.29231
11.108695,28,453.330359
50.198103,187,453.592518
10.527204,77,453.699755
44.866987,67,453.798059
-3.807216,17,453.820833
28.678699,56,453.89568
27.446504,153,454.107656
62.725615,166,454.367892
-1.350831,14,454.393218
6.086649,31,455.535438
-3.291208,16,455.557841
422.826035,1000,456.906506
-3.262557,21,456.934282
45.021649,41,456.988255
28.866126,71,457.081742
9.081926,22,457.11282
19.774766,38,457.163087
59.461142,105,457.304299
3.286462,50,457.371092
56.677814,129,457.546392
44.568782,51,457.61599
16.969168,41,457.670521
97.986686,180,457.918343
50.031926,45,457.980969
1.733302,42,458.036654
340.060871,1000,460.574111
39.512274,271,460.934582
-16.084227,39,460.988173
-6.250776,34,461.034545
119.431496,220,461.33054
3.724579,19,461.355863
19.228684,82,461.468195
13.230988,45,461.528196
406.34995,1000,463.998553
17.970925,153,464.2021
27.7442,67,464.291548
284.258097,1000,465.705711
33.379924,98,465.84011
28.041479,124,466.005751
160.843304,852,468.121258
20.975786,27,468.15828
29.062811,35,468.206418
40.254625,167,468.430077
44.61629,71,468.530983
-5.524531,13,468.548349
0.327205,25,468.582674
28.882531,45,468.64379
4.306154,125,468.811956
96.102264,176,469.044052
258.934321,1000,471.294766
25.278139,36,471.342133
100.990874,143,471.53002
150.384489,311,471.945851
69.656402,175,472.180358
120.291043,110,472.32892
408.697886,1000,474.760479
16.955918,49,474.826205
27.257588,85,474.938635
19.13166,25,474.97155
13.906843,70,475.063762
0.808135,193,475.329893
395.688029,1000,476.767326
29.871241,267,477.130537
48.654801,85,477.247309
-3.797446,20,477.274199
135.82069,284,478.566668
-2.59636,16,478.588296
424.151615,1000,480.085581
15.46578,79,480.200693
49.313368,129,480.382137
13.014809,26,480.417751
7.221522,13,480.435215
26.584089,66,480.524204
51.000488,230,480.842068
13.802647,65,480.928711
4.163466,14,480.947515
0.971416,42,481.003371
39.787079,44,481.061878
11.991149,29,481.100523
59.511275,109,481.248918
16.929854,22,481.279388
24.043596,65,482.337024
100.132465,246,482.67457
149.763629,341,483.14221
22.263205,75,483.243504
439.549393,1000,484.61208
6.258863,65,484.698476
-3.324745,20,484.725396
47.41593,366,486.132364
318.921825,881,487.386069
9.520535,118,487.549361
102.929413,286,487.948091
39.705282,66,488.036957
5.896813,19,488.062499
31.211256,115,488.223203
44.057213,62,488.306265
408.0881,1000,490.820873
43.187128,201,491.093062
129.61916,220,491.398055
22.842837,24,491.432093
110.445365,237,491.751987
24.091947,18,491.775951
422.21253,1000,494.022762
368.949471,1000,495.369878
20.235832,18,495.393741
57.288908,55,495.466082
129.6209,503,496.142872
416.641844,1000,498.502104
10.568555,47,498.565901
87.990079,100,498.697703
37.02687,61,498.778356
443.974183,1000,500.155065
416.73864,1000,502.435097
113.380799,436,503.030052
3.568188,28,503.067417
32.699366,161,503.285081
18.656554,34,503.331224
117.498554,201,503.612403
37.388274,84,503.727843
4.934994,13,503.745023
54.224061,237,505.035309
25.165026,116,505.194434
437.681648,1000,506.550122
0.150471,33,506.596453
180.608085,314,507.021769
510.522735,1000,509.30977
135.177269,352,509.787821
11.059477,60,509.870825
88.238994,153,510.079028
78.280985,127,510.249182
33.488054,52,510.321109
17.785334,57,510.398858
9.067634,20,510.426544
454.951613,1000,512.961397
-13.912735,73,513.062519
262.110524,575,513.83696
65.355337,331,514.280435
32.508808,40,514.334331
403.577174,1000,516.612633
130.84141,462,517.237539
73.137199,254,517.578916
2.552885,111,517.728964
18.86263,18,517.753463
20.53953,46,517.817581
83.36744,126,517.990334
53.914905,87,518.110765
53.754957,72,518.207964
-4.774013,41,518.263205
490.733711,1000,520.616842
214.215308,444,521.207063
48.714266,45,521.268774
82.857936,326,521.710605
150.728912,653,522.594655
448.871833,1000,524.888677
25.579447,71,524.990202
66.989492,359,525.50619
72.311559,264,525.950235
84.461087,205,526.239427
45.618805,42,526.296927
473.982339,1000,528.71711
83.443505,191,528.982817
16.985371,20,529.010658
444.254548,1000,530.393019
31.976398,28,530.431223
130.506561,509,532.021711
59.071908,88,532.140234
428.366836,1000,533.500945
267.869157,585,535.308401
24.202967,20,535.336503
22.806868,110,535.488125
36.034368,72,535.584203
34.23028,92,535.70749
463.506642,1000,537.080193
457.176252,1000,539.396377
466.955674,1000,540.77104
429.63635,1000,543.211877
74.830244,96,543.342583
35.495806,43,543.403686
33.482995,41,543.46198
70.443862,164,543.687018
12.620706,16,543.708336
23.913276,49,543.774286
19.436145,23,543.807048
47.146959,233,544.127789
210.194582,395,544.659261
22.577556,66,544.751465
445.470783,1000,547.095069
-4.461521,39,547.149745
55.36665,73,547.249308
54.027224,94,547.376686
433.174579,1000,548.770576
456.090386,1000,551.17664
130.999645,210,551.461527
500.862904,1000,552.829489
52.673375,265,553.189576
310.281714,656,555.011281
19.264786,64,555.097001
42.584437,82,555.209433
69.000374,143,555.405095
116.443435,387,555.930329
26.0996,55,556.007319
15.599689,18,556.033587
84.551095,128,556.216986
29.012856,32,556.261244
221.833561,575,558.066781
71.870726,160,558.285086
334.844102,762,559.327634
-6.441549,22,559.357078
12.47374,121,559.524894
49.565311,73,559.626157
17.40653,66,559.715771
144.450606,305,560.136194
45.933396,60,560.216401
524.662938,1000,562.520035
6.318038,30,562.561378
22.134162,60,562.641927
6.782195,18,562.666122
21.409564,47,562.728418
18.177359,179,562.96532
257.75592,612,563.802722
138.22034,261,564.152958
465.617806,1000,566.521746
1.069902,50,566.589708
529.066863,1000,568.007804
25.147318,22,568.037984
1.70877,32,568.082323
42.588811,141,568.281678
198.693056,500,570.35143
149.220858,560,571.347235
95.005358,364,571.88523
215.022787,497,572.587971
21.583033,258,574.252369
278.546187,570,575.031046
509.372583,1000,576.49613
42.986018,90,576.61888
38.739703,67,576.710705
529.061903,1000,578.960659
39.542617,55,579.032981
223.521893,443,579.630739
488.734628,1000,582.00305
8.625593,30,582.042677
7.309268,37,582.09274
49.385828,55,582.168731
501.588422,1000,583.529088
30.863614,64,583.617164
44.353071,90,583.73764
27.76907,44,583.796061
518.716262,1000,586.114491
101.533577,388,586.636234
269.777904,871,587.830497
113.177897,213,588.121069
447.400936,1000,590.510866
4.914347,37,590.560871
115.100388,223,590.865269
24.341291,88,590.984295
35.967621,51,591.052785
535.201839,1000,593.363923
113.185716,306,593.775192
89.561681,177,594.016451
2.108422,17,594.039419
554.361776,1000,595.408199
19.681361,24,595.441593
113.12959,126,595.617499
523.577842,1000,598.007095
257.532148,459,598.64196
330.219087,779,599.701159
107.66648,310,601.054178
268.997196,703,602.005674
128.452595,371,602.510202
188.521812,358,602.992004
568.082419,1000,605.369316
168.432321,418,605.933416
466.218046,1000,608.21532
486.254983,1000,609.575236
16.261526,21,609.603284
15.545564,69,609.695686
438.87459,934,611.95953
56.38732,114,612.116188
17.581653,84,612.228963
221.657827,537,613.083243
71.967211,144,613.28738
519.638668,1000,614.674833
82.709964,87,614.799429
46.584946,61,615.830638
15.974413,40,615.885711
494.587844,1000,617.267746
18.379808,46,617.331081
105.490388,194,617.590246
518.357421,1000,619.969569
105.014557,178,620.210684
30.692981,42,620.267866
358.14686,640,621.137562
185.804116,383,621.655524
61.705838,145,621.852296
202.163093,544,623.521378
477.90148,1000,624.863734
8.340564,13,624.881114
36.209553,66,624.971433
51.643531,83,625.087292
95.780838,113,625.241539
98.482325,155,625.451812
34.150323,46,625.515877
510.706776,1000,627.874349
60.587862,103,628.01629
53.123595,76,628.124181
266.64499,654,629.004924
563.34976,1000,631.290728
102.022462,225,631.595609
17.949501,64,631.682597
70.678995,193,631.93702
4.699327,15,631.956986
7.627068,32,631.999275
558.653514,1000,633.357198
573.416369,1000,635.759842
10.754616,18,635.785734
607.532482,1000,637.21323
72.095848,144,637.407841
398.632171,487,639.067966
551.181429,1000,640.523811
544.400099,1000,642.974167
44.163571,91,643.097808
138.673546,233,643.42252
570.699736,1000,644.874131
589.043928,1000,647.179888
271.292194,352,647.661639
496.119734,1000,649.125775
422.670465,819,651.337739
80.400949,154,651.556552
74.434532,79,651.667276
44.348691,116,651.828973
516.731959,1000,654.354179
569.281556,1000,655.734138
588.461189,1000,658.230507
120.436787,116,658.392102
140.680594,219,658.692171
96.070501,116,658.850155
92.249999,135,659.037367
141.003253,250,659.380005
27.946073,59,659.462657
66.978581,337,659.931526
22.993466,25,659.965404
20.808911,45,660.026078
50.706659,152,660.231859
40.073062,176,660.470419
525.8032,735,662.357397
5.7481,34,662.403497
32.670707,53,662.475826
575.779052,1000,663.83625
149.427733,248,664.169612
508.692317,1000,666.502937
22.559217,24,666.535622
8.183402,30,666.575931
122.793528,269,666.937363
8.99125,28,666.976294
529.995367,1000,668.34858
577.082899,1000,670.603473
648.947188,1000,671.960424
70.707623,156,673.147897
541.864872,1000,674.539972
80.873093,139,674.732154
221.928159,257,675.078183
114.921147,302,675.487516
76.325969,140,675.675669
133.85,188,676.826147
542.839665,1000,678.179276
553.109249,1000,679.532503
44.10029,98,680.665641
29.582885,43,680.726548
207.027319,484,681.406491
213.064932,298,681.859097
629.41846,1000,683.357044
60.606636,85,683.492089
272.442864,436,685.080705
569.263591,1000,686.50714
83.782584,165,686.738238
604.232467,1000,689.360401
28.772073,97,689.496083
13.522945,49,689.561641
178.944697,341,690.017595
559.504812,1000,691.460401
134.62939,273,692.86236
110.074054,244,693.224666
603.325992,1000,694.651537
295.655692,445,695.275119
604.574732,1000,697.812799
163.596945,297,698.205914
36.335548,149,698.403051
159.052163,239,698.720157
26.171563,47,698.782756
112.907478,121,698.942696
472.431599,882,701.034363
264.556637,363,701.538472
80.07619,117,701.702819
75.990393,90,701.826307
15.735567,27,701.862194
132.562047,234,702.177482
594.295436,1000,704.595293
363.239532,456,705.216964
46.682197,43,705.274144
343.303169,489,705.941338
288.53446,616,706.788872
579.429014,1000,709.18096
21.758329,34,709.226885
227.075918,399,709.76352
5.551439,14,709.782384
62.624902,113,709.933007
457.169652,1000,712.373516
57.906486,173,712.61016
138.369627,241,712.933556
62.806557,81,713.04036
64.741536,154,713.250608
75.251345,118,713.430422
106.322949,257,713.790738
14.374592,47,713.85608
43.312127,120,714.020351
99.414375,159,714.232599
44.50764,78,714.335881
111.821662,247,714.669866
642.241961,1000,717.062915
331.746034,463,717.774086
607.081823,1000,720.12106
6.65039,34,720.166008
166.153024,233,720.473089
213.620094,408,721.015182
128.369893,200,721.285902
384.226015,699,722.372004
40.256999,62,722.456612
19.645013,55,723.487431
587.891601,1000,724.838059
44.497574,78,724.942289
61.614688,123,725.10849
79.878365,237,725.429742
566.552196,1000,728.038054
109.085965,221,728.339298
21.799664,39,728.391342
74.414269,130,728.59224
346.819059,444,729.255619
507.759285,940,731.3859
109.662498,145,731.577689
531.27156,1000,732.906084
31.978557,32,732.948464
243.566445,396,733.470817
116.682436,113,733.619104
504.54269,1000,735.909748
29.309951,105,736.049286
163.531356,221,736.345509
21.561946,53,736.416327
50.618695,110,736.562022
338.10639,611,737.37692
111.323731,131,737.549924
15.740348,58,738.507164
215.434221,276,738.871168
133.473502,249,739.201812
57.909009,117,739.356426
607.519,1000,740.687878
18.34349,58,740.76613
173.046183,212,741.052864
291.876889,289,742.45617
600.897625,1000,743.845001
99.083507,183,744.099099
170.028513,272,744.478099
44.25217,73,744.579813
609.33942,1000,747.181665
49.830292,56,747.283418
1.09315,14,747.31129
557.602433,1000,748.734581
48.729821,47,748.798504
576.043071,1000,751.291448
27.444871,50,751.366335
615.651574,1000,752.74177
50.054947,60,752.821502
256.501554,463,754.329439
695.943537,1000,755.700949
255.420656,679,756.612421
26.440553,40,756.668096
318.943728,506,758.323274
106.108462,239,758.649739
45.1814,45,758.709184
227.841135,503,759.387312
381.214434,706,760.359171
44.68851,78,760.463545
659.183515,1000,762.728523
9.168816,29,762.768807
55.361346,104,762.910643
17.75697,40,762.965852
221.575061,295,763.36197
140.780335,213,763.699471
198.195889,215,764.079967
40.579458,63,764.200358
410.528573,688,766.319047
22.865414,29,766.359234
75.467932,92,766.487836
67.681434,95,766.617531
46.645507,47,766.680554
34.034069,30,766.720735
73.346333,148,766.919266
8.135671,51,766.9887
642.442686,1000,769.384993
246.476644,406,769.963853
3.508569,14,769.98311
16.007034,50,770.05533
84.524053,144,770.251225
206.448598,526,770.963398
94.831138,173,771.199238
577.315821,1000,773.571035
31.345761,27,773.608904
73.877666,132,773.787197
635.57454,1000,775.165851
26.018294,91,775.326065
563.360713,1000,777.651425
550.966932,1000,779.016565
158.789946,192,779.312223
629.16586,1000,781.663623
567.626868,1000,783.017562
249.131156,616,784.749064
132.468897,152,784.953934
41.147324,100,785.090449
359.769545,631,785.953803
30.02406,87,786.071237
637.919322,1000,788.713538
86.350642,99,788.847772
697.646014,1000,790.233036
8.722672,33,790.279997
83.757211,176,790.517139
205.196837,378,791.037883
37.443453,41,791.095311
210.710915,256,792.424512
669.199394,1000,793.825535
8.631907,18,793.854859
78.970384,87,793.996285
48.792285,40,794.060602
897.791656,1000,796.694751
619.33582,1000,798.075537
242.83665,375,798.611562
79.160262,207,798.897365
34.147508,55,798.972126
76.981197,129,799.171258
109.921308,147,800.438115
16.671423,29,800.480555
68.354824,62,800.579499
331.338926,510,801.269065
94.571747,85,801.382096
564.169955,1000,802.903108
85.763984,175,803.142723
84.147293,91,803.266475
641.473917,1000,805.679293
105.936421,160,805.891375
613.49685,1000,808.213528
20.455838,33,808.259348
294.665401,332,808.71542
77.559838,118,808.878611
613.537158,1000,810.271913
171.754076,219,810.574865
681.12809,1000,812.984112
654.050429,1000,814.461854
18.092133,31,814.504653
116.246766,186,814.812736
639.176508,1000,817.134848
130.840983,230,817.454811
268.871112,484,818.118254
75.051817,135,818.303693
142.548726,260,818.657535
24.64492,45,818.719421
610.885967,1000,821.308436
49.600685,67,821.398186
628.422531,1000,822.761096
82.324433,107,823.794979
90.238809,147,823.993119
161.554392,270,824.358711
617.171167,974,825.66673
75.286166,77,825.76815
15.512358,18,825.792147
645.548396,1000,828.137941
635.575378,1000,829.671434
609.705038,1000,832.138034
30.897,58,832.221617
52.533752,193,832.510202
30.204527,19,832.535331
545.020742,726,833.563984
60.210907,56,833.64265
577.74569,1000,836.134192
305.65764,613,836.991331
594.206512,1000,839.73473
337.535108,650,840.657751
296.830386,687,841.568193
65.232489,102,841.702265
386.844326,571,843.443176
239.099749,417,844.007682
98.277488,218,844.303847
409.549866,604,845.182463
54.566367,107,845.375128
148.924687,210,845.705144
129.784757,114,845.890243
89.619707,120,846.06905
86.525104,129,846.247984
99.490985,220,847.704233
16.404672,19,847.729697
511.593897,767,848.887862
642.058733,1000,850.46273
25.98814,44,850.541512
563.600994,809,852.858932
619.479638,1000,854.303519
30.152163,52,854.374717
12.819246,18,854.399315
349.838197,455,855.943473
81.864857,168,856.18572
98.052334,172,856.430266
385.249944,446,857.048492
102.650228,135,857.233508
104.620053,135,857.425808
121.324171,150,857.62592
652.172875,1000,860.057873
227.213423,442,860.652093
664.570569,1000,862.018136
50.702585,87,862.138487
588.001054,1000,864.466865
57.806579,78,864.571436
110.938383,149,864.786762
91.634967,113,864.938242
573.65415,1000,867.324347
633.147555,1000,868.688435
606.57337,1000,871.165658
614.236963,1000,872.545964
515.589961,704,873.502034
91.298353,106,873.646238
10.11516,19,873.672024
150.644684,154,873.881688
400.850229,584,875.671708
624.360198,1000,877.101132
56.476246,70,877.196858
105.446083,95,877.322253
208.925359,247,877.658087
377.221581,493,879.232384
566.549325,689,880.16631
770.355115,1000,882.490114
-1.61198,16,882.517717
468.881166,730,883.495121
92.497027,110,883.647591
673.464361,1000,885.023107
144.913232,264,886.280753
28.695392,45,886.340349
95.267062,151,886.541374
44.03823,45,886.601637
88.942092,159,886.820949
324.958025,530,887.750736
355.333093,566,888.567832
43.022857,59,888.654304
66.761371,111,888.843203
749.951411,1000,891.407926
619.570646,1000,892.871257
67.642136,65,892.983961
617.409488,1000,895.31499
231.488112,319,895.735088
651.697389,880,896.902055
29.115185,50,896.968048
405.781716,522,898.708226
230.720911,398,899.25253
425.883393,606,900.210378
63.882724,87,900.362897
653.747844,1000,903.268371
67.262207,95,903.419242
649.951352,1000,905.004766
364.903843,515,906.70883
61.575979,71,906.803951
639.104205,1000,908.176819
654.088916,1000,910.531446
648.418863,1000,911.880523
288.734467,466,912.503742
29.010967,63,912.588294
585.670917,887,914.736084
600.458344,1000,916.166422
125.895508,164,916.384757
645.898264,1000,918.62847
705.638087,1000,919.977774
332.543561,429,920.552014
581.461849,811,922.607992
155.248499,239,922.927845
633.427111,1000,924.277032
386.66428,521,925.859323
697.2631,1000,927.19904
17.364425,32,927.241779
130.547912,171,927.470949
488.177351,640,929.294919
237.812291,276,929.665344
103.804997,126,929.83441
643.713585,1000,931.193791
35.759189,38,931.244562
664.006391,1000,933.476611
615.704045,1000,934.813328
36.39305,66,934.906021
672.488416,1000,937.280614
357.577283,563,938.030395
70.704395,62,938.115584
553.258508,1000,940.395315
669.992885,1000,941.774862
41.4904,71,941.872616
664.644346,1000,944.302674
30.572777,27,944.339321
233.454816,289,944.777272
169.874706,202,945.058906
220.278724,427,945.629529
73.801673,107,945.777206
44.83145,67,945.867122
81.941781,157,946.080739
493.864709,621,947.856024
198.786025,267,948.220556
590.618123,1000,949.593292
127.220616,149,949.798291
108.738033,117,949.95343
428.440174,597,951.760953
631.828305,1000,953.131776
280.618639,485,953.78867
648.412754,1000,956.25909
708.442192,1000,957.655119
518.255104,780,959.758877
413.261638,509,960.457329
661.504522,1000,961.822157
672.630843,1000,964.128189
61.418582,103,964.293519
661.644276,1000,965.748487
308.454708,429,967.596274
90.075324,143,967.785184
85.865433,67,967.874636
96.378761,166,968.098291
20.865967,28,968.138052
689.411559,1000,969.574335
68.895061,103,969.746883
131.718907,239,971.050771
603.45024,960,972.37525
72.44835,105,972.522009
651.875473,1000,974.932369
10.422842,20,974.965071
599.114645,1000,976.345019
665.515319,1000,978.597205
673.504047,1000,979.955353
697.294071,1000,981.346507
156.749998,149,982.541875
425.799288,547,983.276423
9.116341,20,983.302954
48.975388,56,983.376865
68.667439,100,983.509385
644.722014,1000,984.856565
35.511916,59,984.938806
62.439182,84,985.053505
173.253036,182,986.192966
185.07121,160,986.411359
34.558687,34,986.460583
302.898042,430,987.11258
720.710571,1000,988.525758
637.282057,1000,990.932289
668.846741,1000,992.27335
304.173126,353,993.636895
95.549736,144,993.83659
690.978476,1000,995.194827
605.68062,1000,997.546063
661.327266,996,998.966492
40.298889,48,999.033064
554.554519,1000,1001.415946
661.04466,1000,1002.813868
667.068429,1000,1005.163863
72.255758,89,1005.290779
651.446857,951,1006.607842
459.017813,608,1007.437122
322.029413,509,1009.0318
294.219651,445,1009.715905
630.095794,1000,1011.374584
278.995782,324,1011.828166
684.141312,1000,1014.202389
10.421864,17,1014.22965
98.752091,118,1014.440494
643.876491,1000,1015.806269
327.368479,466,1017.334235
708.020431,1000,1018.689958
43.413043,49,1018.757416
464.381633,624,1020.563946
321.865663,492,1021.230001
612.304019,1000,1022.583232
451.322466,704,1024.443353
69.036336,118,1024.60699
102.90663,142,1024.796313
609.258368,1000,1026.167687
312.504881,542,1026.908993
538.452328,836,1029.050084
756.078452,1000,1030.416144
450.871814,520,1032.025354
300.528816,482,1032.68358
255.648087,329,1033.129017
338.355824,496,1033.794931
473.446726,833,1035.924181
190.468368,356,1036.405911
585.529029,1000,1037.75891
31.444962,34,1037.806148
666.388724,1000,1040.0658
687.429382,807,1041.167881
15.637732,19,1041.194197
100.837529,134,1041.375814
41.988559,61,1041.458293
86.189543,146,1041.658117
670.936329,1000,1044.179394
688.491833,983,1045.51471
34.123984,51,1045.584846
685.49159,1000,1047.858542
391.758853,781,1049.054456
595.063073,801,1051.105233
712.958544,1000,1052.455592
69.639523,64,1052.544275
504.943649,729,1054.460868
743.197339,1000,1055.812218
624.063555,1000,1058.180325
197.900651,441,1058.79478
578.404556,1000,1060.158884
290.828514,344,1060.620091
575.671302,1000,1062.883989
298.301801,504,1063.565638
237.849685,318,1063.988067
232.055773,366,1064.487574
142.118243,202,1065.802507
391.452818,708,1066.769748
234.778668,278,1067.155793
647.962456,1000,1069.461563
225.406172,386,1069.977193
321.371224,613,1070.82621
61.642138,60,1070.905576
631.411053,1000,1073.288206
752.862057,1000,1074.641242
19.98573,26,1074.680692
515.961811,845,1075.861106
158.308728,190,1077.299014
50.209418,115,1077.452114
142.75438,301,1077.853312
70.891107,228,1078.197767
53.765364,49,1078.302867
652.046686,1000,1079.686637
240.727381,423,1081.274438
389.743684,700,1082.384058
671.366808,1000,1083.821547
408.026672,662,1085.621182
408.914466,687,1086.548998
488.0958,529,1087.276691
583.986798,1000,1089.684933
131.580781,160,1089.901174
607.540601,1000,1091.27617
439.909467,925,1093.692245
114.248848,157,1093.90397
646.313349,1000,1095.279206
704.670523,1000,1097.772868
13.364999,32,1097.817093
548.640701,1000,1099.243609
526.003088,917,1101.545189
328.043137,356,1102.030358
138.509411,233,1102.35144
265.845689,455,1102.988902
639.933769,1000,1105.57917
138.157942,109,1105.725008
112.515657,109,1105.869465
581.77872,1000,1107.301396
88.853092,87,1107.437525
725.844349,1000,1109.877113
609.47722,1000,1111.286803
392.268836,677,1113.218013
178.383313,234,1113.539047
458.231217,1000,1114.938591
279.642665,325,1116.353383
599.599719,1000,1117.748456
660.30877,1000,1120.093809
714.221346,1000,1121.524031
284.750099,321,1122.012136
849.757891,1000,1124.376057
252.490073,391,1124.944306
40.213182,90,1125.119981
17.554478,81,1125.25666
609.358922,1000,1126.681453
538.689023,764,1128.872417
208.468073,381,1129.40088
667.933072,1000,1130.782204
620.033669,1000,1133.111645
576.31034,975,1134.504315
220.110924,297,1136.241121
226.399706,224,1136.544963
444.327847,556,1137.321052
749.121469,1000,1138.783385
161.531684,182,1139.970602
96.819986,120,1140.135823
55.32402,136,1140.327065
47.949072,47,1140.391275
667.160069,1000,1141.736361
614.462422,1000,1144.116108
47.765813,42,1144.175011
677.03483,1000,1145.623629
71.267344,75,1145.727988
184.0295,280,1146.120793
540.935105,1000,1148.708612
400.813462,557,1149.573074
593.813115,1000,1151.969736
446.615227,776,1153.041019
438.004336,876,1154.24215
238.141477,332,1155.694899
422.237818,609,1156.52111
712.584057,1000,1157.907566
468.009511,797,1160.184924
482.272868,815,1161.351128
238.559855,309,1161.774021
812.917186,1000,1164.121162
78.088428,96,1164.248724
680.068008,1000,1165.763633
81.208999,73,1165.861175
324.860315,557,1167.619946
472.885784,710,1168.592954
121.362368,157,1168.807671
31.187002,25,1168.842391
597.278909,1000,1171.274906
641.769192,1000,1172.66449
106.706441,88,1172.786593
277.794663,234,1173.098375
383.010787,464,1173.730434
148.65982,197,1175.014495
675.5252,1000,1176.460103
162.200893,159,1176.689525
178.347503,217,1176.99341
12.211893,16,1177.017198
664.708231,1000,1179.351439
852.488288,857,1180.562496
195.722036,237,1180.916498
248.043599,352,1181.437842
491.346158,677,1183.428849
658.83377,1000,1184.808275
268.139679,321,1185.265395
755.67372,1000,1187.731117
894.556205,1000,1189.17286
613.4982,1000,1191.669952
453.343916,646,1192.578062
37.288935,62,1192.669116
700.593198,1000,1195.058793
749.312879,951,1196.37356
131.247123,192,1196.632705
253.168036,358,1197.132056
655.929221,851,1199.308779
668.108307,1000,1200.667003
278.982836,386,1201.193183
675.490565,1000,1203.469589
202.875243,228,1203.77543
240.511928,277,1204.147497
645.735414,1000,1206.553031
605.885547,1000,1207.900367
41.775452,67,1207.990231
426.635833,495,1208.653405
774.007599,1000,1210.924521
66.375196,68,1211.016489
659.590948,1000,1212.372901
54.94611,79,1213.499337
284.532936,310,1213.912371
634.672095,1000,1215.247602
386.757959,431,1215.818313
674.780234,1000,1218.093835
132.555704,172,1218.325928
559.671947,714,1219.274788
631.539125,1000,1221.666039
476.740479,735,1222.721512
721.482378,1000,1225.044837
707.669268,1000,1226.403634
121.509153,121,1226.56497
423.952838,409,1227.119253
746.942291,1000,1229.507606
708.282865,1000,1230.863051
595.657033,1000,1233.156446
623.881565,813,1234.250481
439.740579,606,1236.101315
484.869118,710,1237.077848
337.004726,419,1237.639322
56.440456,121,1237.805429
82.991815,90,1237.927596
673.756388,1000,1240.232106
682.7096,1000,1241.589773
548.188869,1000,1243.95552
819.726549,1000,1245.316624
133.804417,229,1245.621298
628.265339,918,1248.018406
667.079059,1000,1249.640878
418.319966,434,1250.311131
693.295278,1000,1252.852235
224.663965,313,1253.276177
360.629752,595,1254.06941
680.986099,1000,1256.327259
617.078725,1000,1257.699461
894.23514,986,1260.085986
103.650349,123,1260.370451
686.241677,880,1261.67866
76.099117,123,1261.854209
557.964896,1000,1264.331466
748.78992,1000,1265.794127
501.30157,506,1267.672519
150.175145,124,1267.83984
792.662067,1000,1269.240697
601.266394,595,1270.077406
301.585691,338,1271.567838
31.290253,45,1271.628191
702.036786,991,1272.969994
370.116263,365,1273.460607
19.783066,26,1273.496289
655.289888,1000,1275.857696
156.85443,168,1276.084926
33.452624,45,1276.1519
78.561867,83,1276.264659
630.414126,1000,1277.676209
467.206804,1000,1279.980115
88.851996,75,1280.081604
352.30696,557,1280.843006
770.470296,1000,1283.410386
451.95225,549,1284.147703
820.634777,1000,1285.487154
656.267233,1000,1287.849042
283.627871,269,1288.213665
118.965944,180,1288.454546
1031.501479,1000,1290.814763
599.867045,1000,1292.248873
330.707231,385,1292.787148
662.625323,1000,1295.20058
523.553236,680,1296.132843
352.823347,395,1296.66839
755.313345,1000,1299.288983
284.438916,307,1299.79128
227.508314,289,1300.250182
92.02105,103,1300.402473
708.30313,1000,1303.024821
714.970351,1000,1304.40503
949.672261,1000,1306.822124
709.036464,1000,1308.206322
273.907677,280,1308.587916
701.042075,1000,1311.038449
170.611348,160,1311.261931
667.407204,1000,1312.72209
633.02592,748,1314.708097
767.778787,1000,1316.07607
480.010287,575,1316.938291
137.637571,317,1318.302265
648.916961,1000,1319.676491
404.820825,432,1320.284076
650.132096,1000,1323.00725
662.005028,1000,1324.385778
582.762897,756,1326.545814
666.985403,1000,1328.033243
660.420846,1000,1330.423224
316.15959,549,1331.219931
708.86512,1000,1332.729326
341.196029,486,1334.446101
695.919186,1000,1335.833742
679.414171,1000,1338.194893
37.606154,62,1338.276882
720.1044,1000,1339.614255
41.289201,59,1339.695999
595.083577,1000,1341.998536
209.961926,192,1342.258004
210.108081,189,1342.512173
321.294286,541,1343.252876
869.079696,1000,1345.574158
234.873528,257,1345.917818
387.92599,601,1346.739856
454.227375,538,1347.473629
799.544637,1000,1349.731352
176.32707,203,1350.000588
724.129608,1000,1351.345437
